Gene	Accession	Drug
aac(2')-Ia_1	L06156	Gen
aac(2')-Ib_1	U41471	Gen
aac(2')-Ic_1	U72714	Gen
aac(2')-Id_1	U72743	Gen
aac(2')-Ie_1_NC	011896	Gen
aac(3)-I_1	AJ877225	Gen
aac(3)-Ia_1	X15852	Gen
aac(3)-Ib_1	L06157	Gen
aac(3)-Ib-aac(6')-Ib_1	AF355189	Gen
aac(3)-Ic_1	AJ511268	Gen
aac(3)-Id_1	AB114632	Gen
aac(3)-If_1	AY884051	Gen
aac(3)-Ig_1	CP000282	Gen
aac(3)-Ih_1	CP000490	Gen
aac(3)-Ii_1	CP000356	Gen
aac(3)-IIa_1	X51534	Gen
aac(3)-IIb_1	M97172	Gen
aac(3)-IIc_1	X54723	Gen
aac(3)-IId_1	EU022314	Gen
aac(3)-IIe_1	EU022315	Gen
aac(3)-IIIa_1	X55652	Gen
aac(3)-IIIb_1	L06160	Gen
aac(3)-IIIc_1	L06161	Gen
aac(3)-IVa_1	X01385	Gen
aac(3)-VIa_1	M88012	Gen
aac(3)-VIIa_1	M22999	Gen
aac(3)-VIIIa_1	M55426	Gen
aac(3)-IXa_1	M55427	Gen
aac(3)-Xa_1	AB028210	Gen
aac(6')_1	AY553333	Gen
aac_1	AJ628983	Gen
aac(6')_2	DQ302723	Gen
aac(6')_3	EU912537	Gen
aac(6')-Ia_1	M18967	Gen
aac(6')-Ib_1	M21682	Gen
aac(6')-Ic_1	M94066	Gen
aac(6')-Id_1	X12618	Gen
aac(6')-If_1	X55353	Gen
aac(6')-Ig_1	L09246	Gen
aac(6')-Ih_1	L29044	Gen
aac(6')-Ij_1	L29045	Gen
aac(6')-Ik_1	L29510	Gen
aac(6')-Il_1	Z54241	Gen
aac(6')-Im_1	AF337947	Gen
aac(6')-Iq_1	AF047556	Gen
aac(6')-Ir_1	AF031326	Gen
aac(6')-Is_1	AF031327	Gen
aac(6')-It_1	AF031328	Gen
aac(6')-Iu_1	AF031329	Gen
aac(6')-Iv_1	AF031330	Gen
aac(6')-Iw_1	AF031331	Gen
aac(6')-Iz_1	AF140221	Gen
aac(6')-Iad_1	AB119105	Gen
aac(6')-Iae_1	AB104852	Gen
aac(6')-Iaf_1	AB462903	Gen
aac(6')-Iai_1	EU886977	Gen
aac(6')-I30_1	AY289608	Gen
aac(6')-31_1	AJ640197	Gen
aac(6')-32_1	EF614235	Gen
aac(6')-33_1	GQ337064	Gen
aac(6')-IIa_1	M29695	Gen
aac(6')-IIb_1	L06163	Gen
aac(6')-IIc_1	AF162771	Gen
aac(6')-aph(2'')_1	M13771	Gen
aac(6')-Isa_1	AB116646	Gen
aacA4_1	KM278199	Gen
aacA29_1	AY139599	Gen
aacA43_1	HQ247816	Gen
aadA1_1	X02340	S
aadA1_2	FJ591054	S
aadA1_3	JQ414041	S
aadA1_4	M95287	S
aadA1_5	JQ480156	S
aadA1_5	JX185132	S
aadA2_1	X68227	S
aadA2_2	JQ364967	S
aadA3_1	AF047479	S
aadA4_1	Z50802	S
aadA5_1	AF137361	S
aadA6_1	AF140629	S
aadA7_1	AF224733	S
aadA8_1	AF326210	S
aadA8b_1	AM040708	S
aadA9_1	AJ420072	S
aadA10_1	U37105	S
aadA11_1	AY144590	S
aadA12_1	AY665771	S
aadA13_1	AY713504	S
aadA14_1	AJ884726	S
aadA15_1	DQ393783	S
aadA16_1	EU675686	S
aadA17_1	FJ460181	S
aadA21_1	AY171244	S
aadA22_1	AM261837	S
aadA23_1	AJ809407	S
aadA24_1	AM711129	S
aadB_1	JN119852	Gen Kan
aadE_1	KF421157	S
aadD_1	AF181950	Kan
aadK_1	M26879	S
ant(3'')-Ih-aac(6')-IId_1	AF453998	S Gen
ant(4')-Ib_1	AJ506108	Gen Kan
ant(4')-IIa_1	M98270	Gen Kan
ant(4')-IIb_1	AY114142	Gen Kan
ant(6)-Ia_1	AF330699	S
ant(6)-Ib_1	FN594949	S
aph(2'')-Ib_1	AF337947	Gen
aph(2'')-Ic_1	U51479	Gen
aph(2'')-Id_1	AF016483	Kan
aph(2'')-Ie_1	AY743255	Kan
aph(3')-Ia_1	V00359	Kan
aph(3')-Ib_1	M20305	Kan
aph(3'')-Ic_1	DQ336355	Kan
aph(3')-Ic_1	X62115	Kan
aph(3')-Id_1	Z48231	Kan
aph(3')-IIa_1	X57709	Kan
aph(3')-IIb_1	X90856	Kan
aph(3')-IIc_1	AM743169	Kan
aph(3')-III_1	M26832	Kan
aph(3')-IV_1	X03364	Kan
aph(3')-Va_1	K00432	Kan
aph(3')-Vb_1	M22126	Kan
aph(3')-Vc_1	S81599	Kan
aph(3')-VIa_1	X07753	Kan
aph(3')-VIb_1	AJ627643	Kan
aph(3')-VIIa_1	M29953	Kan
aph(3')-VIII_1	AF182845	Kan
aph(3')-XV_1	Y18050	Kan
aph(3'')-Ia_1	M16482	Kan
aph(4)-Ia_1	V01499	Hyg
aph(4)-Ib_1	X03615	Kan
aph(6)-Ia_1	AY971801	Kan
aph(6)-Ib_1	X05648	Kan
aph(6)-Ic_1	X01702	S
aph(9)-Ia_1	U94857	Kan
aph(9)-Ib_1	U70376	Kan
rmtB2_1	JN968578	Ami Gen Kan S
rmtF_1	JQ955744	Ami Gen Kan S
rmtG_1	444327362	Ami Gen Kan S
rmtH_1	KC544262	Ami Gen Kan S
armA_1	AY220558	Ami Gen Kan S
npmA_1	AB261016	Ami Gen Kan S
rmtA_1	AB120321	Ami Gen Kan S
rmtB_1	AB103506	Ami Gen Kan S
rmtC_1	AB194779	Ami Gen Kan S
rmtD_1	DQ914960	Ami Gen Kan S
rmtD2_1	HQ401565	Ami Gen Kan S
rmtE_1	GU201947	Ami Gen Kan S
spc_1	X02588	Spe
sph_1	HQ424461	Spe
aadA1_2	JN815078	S
aac(6')Ib-cr_1	DQ303918	Gen
aac(6')Ib-cr_2	EF636461	Gen
aac(6')Ib-cr_3	EF210035	Gen
strA_1	M96392	S
strA_2	M28829	S
strA_3	AF024602	S
strA_4	AF321551	S
strA_5	AF321550	S
strB_1	M96392	S
strB_3	AF024602	S
str_1	X92946	S
str_2	FN435330	S
str_3	AM932524	S
blaPAM-1_1	AB858498	Au A Cx Fox Tio Mer
blaTMB-1_1	FR771847	Au A Cx Fox Tio Mer
blaTMB-2_1	AB758277	Au A Cx Fox Tio Mer
blaACC-1_2	AM939420	Au A Cx Fox Tio
blaACC-2_1	AF180952	Au A Cx Fox Tio
blaACC-3_1	AF180958	Au A Cx Fox Tio
blaACC-4_1	GU256641	Au A Cx Fox Tio
blaACT-1_1	U58495	Au A Cx Fox Tio
blaACT-2_1	AM076977	Au A Cx Fox Tio
blaACT-3_1	EF125013	Au A Cx Fox Tio
blaACT-4_2	AJ311172	Au A Cx Fox Tio
blaACT-5_1	FJ237369	Au A Cx Fox Tio
blaACT-6_1	FJ237366	Au A Cx Fox Tio
blaACT-7_1	FJ237368	Au A Cx Fox Tio
blaACT-9_1	HQ693810	Au A Cx Fox Tio
blaACT-10_1	JN848330	Au A Cx Fox Tio
blaACT-12_1	JX440355	Au A Cx Fox Tio
blaACT-14_1	JX440354	Au A Cx Fox Tio
blaACT-15_1	JX440356	Au A Cx Fox Tio
blaACT-16_1	AB737978	Au A Cx Fox Tio
blaBEL-1_1	DQ089809	A Cx Tio
blaBEL-2_1	FJ666063	A Cx Tio
blaBEL-3_1	GQ202694	A Cx Tio
blaCARB-1_1	AF313471	A
blaCARB-2_1	M69058	A
blaCARB-3_1	S46063	A
blaCARB-4_1	U14749	A
blaCARB-5_1	AF135373	A
blaCARB-6_1	AF030945	A
blaCARB-7_1	AF409092	A
blaCARB-8_1	AY178993	A
blaCARB-9_1	AY248038	A
blaCARB-10_1	EU850412	A
blaCARB-11_1	AY008290	A
blaCARB-12_1	D13210	A
cepA_1	L13472	A
cepA_1	U05887	A
cepA_6	FR688022	A
cepA-49_1	U05886	A
cepA-44_1	U05885	A
cepA-29_1	U05884	A
blaCMY-1_1	X92508	Au A Cx Fox Tio
blaCMY-2_1	X91840	Au A Cx Fox Tio
blaCMY-3_1	Y16783	Au A Cx Fox Tio
blaCMY-4_1	AF420597	Au A Cx Fox Tio
blaCMY-5_1	Y17716	Au A Cx Fox Tio
blaCMY-6_1	AJ011293	Au A Cx Fox Tio
blaCMY-7_1	AY324388	Au A Cx Fox Tio
blaCMY-8_1	EF382672	Au A Cx Fox Tio
blaCMY-8_2	DQ094251	Au A Cx Fox Tio
blaCMY-9_1	AB061794	Au A Cx Fox Tio
blaCMY-10_1	AF373218	Au A Cx Fox Tio
blaCMY-11_1	AF381626	Au A Cx Fox Tio
blaCMY-12_1	Y16785	Au A Cx Fox Tio
blaCMY-13_1	AY339625	Au A Cx Fox Tio
blaCMY-14_1	EU600193	Au A Cx Fox Tio
blaCMY-14_2	AJ555825	Au A Cx Fox Tio
blaCMY-15_1	AJ555823	Au A Cx Fox Tio
blaCMY-16_2	FJ855437	Au A Cx Fox Tio
blaCMY-16_1	FM995219	Au A Cx Fox Tio
blaCMY-17_1	AY513266	Au A Cx Fox Tio
blaCMY-18_1	AY743434	Au A Cx Fox Tio
blaCMY-19_1	AB194410	Au A Cx Fox Tio
blaCMY-20_1	AY960293	Au A Cx Fox Tio
blaCMY-21_1	DQ139328	Au A Cx Fox Tio
blaCMY-22_1	DQ256079	Au A Cx Fox Tio
blaCMY-23_1	DQ438952	Au A Cx Fox Tio
blaCMY-24_1	EF415650	Au A Cx Fox Tio
blaCMY-25_1	EU515249	Au A Cx Fox Tio
blaCMY-26_1	AB300358	Au A Cx Fox Tio
blaCMY-27_1	EU515250	Au A Cx Fox Tio
blaCMY-28_1	EF561644	Au A Cx Fox Tio
blaCMY-29_1	EF685371	Au A Cx Fox Tio
blaCMY-30_1	EF685372	Au A Cx Fox Tio
blaCMY-31_1	EU331425	Au A Cx Fox Tio
blaCMY-32_1	EU496815	Au A Cx Fox Tio
blaCMY-33_1	EU496816	Au A Cx Fox Tio
blaCMY-34_1	EF394370	Au A Cx Fox Tio
blaCMY-35_1	EF394371	Au A Cx Fox Tio
blaCMY-36_1	EU331426	Au A Cx Fox Tio
blaCMY-37_1	AB280919	Au A Cx Fox Tio
blaCMY-38_1	AM931008	Au A Cx Fox Tio
blaCMY-39_1	HM565135	Au A Cx Fox Tio
blaCMY-40_1	EU515251	Au A Cx Fox Tio
blaCMY-41_1	AB429270	Au A Cx Fox Tio
blaCMY-42_1	HM146927	Au A Cx Fox Tio
blaCMY-43_1	HQ267530	Au A Cx Fox Tio
blaCMY-44_1	FJ437066	Au A Cx Fox Tio
blaCMY-45_1	FN546177	Au A Cx Fox Tio
blaCMY-46_1	FN556186	Au A Cx Fox Tio
blaCMY-47_1	HM046998	Au A Cx Fox Tio
blaCMY-48_1	HM569226	Au A Cx Fox Tio
blaCMY-49_1	GQ402541	Au A Cx Fox Tio
blaCMY-51_1	JQ733571	Au A Cx Fox Tio
blaCMY-53_1	HQ336940	Au A Cx Fox Tio
blaCMY-54_1	HM544039	Au A Cx Fox Tio
blaCMY-55_1	HM544040	Au A Cx Fox Tio
blaCMY-56_1	HQ322613	Au A Cx Fox Tio
blaCMY-57_1	HQ285243	Au A Cx Fox Tio
blaCMY-58_1	HQ185697	Au A Cx Fox Tio
blaCMY-59_2	AB587082	Au A Cx Fox Tio
blaCMY-60_1	HQ267531	Au A Cx Fox Tio
blaCMY-61_1	JF460795	Au A Cx Fox Tio
blaCMY-62_1	JF460796	Au A Cx Fox Tio
blaCMY-63_1	HQ650104	Au A Cx Fox Tio
blaCMY-64_1	HQ832678	Au A Cx Fox Tio
blaCMY-65_1	JF780936	Au A Cx Fox Tio
blaCMY-66_1	JN714478	Au A Cx Fox Tio
blaCMY-67_1	JQ711185	Au A Cx Fox Tio
blaCMY-68_1	JN714480	Au A Cx Fox Tio
blaCMY-69_1	JX049132	Au A Cx Fox Tio
blaCMY-70_1	JX440350	Au A Cx Fox Tio
blaCMY-71_1	JQ711184	Au A Cx Fox Tio
blaCMY-72_1	JX440352	Au A Cx Fox Tio
blaCMY-73_1	GQ351345	Au A Cx Fox Tio
blaCMY-74_1	JX440349	Au A Cx Fox Tio
blaCMY-75_1	JQ733572	Au A Cx Fox Tio
blaCMY-76_1	JQ733573	Au A Cx Fox Tio
blaCMY-77_1	JX440353	Au A Cx Fox Tio
blaCMY-78_1	JQ733575	Au A Cx Fox Tio
blaCMY-79_1	JQ733576	Au A Cx Fox Tio
blaCMY-80_1	JQ733577	Au A Cx Fox Tio
blaCMY-81_1	JQ733578	Au A Cx Fox Tio
blaCMY-83_1	JX440351	Au A Cx Fox Tio
blaCMY-84_1	JQ733579	Au A Cx Fox Tio
blaCMY-87_1	AB699171	Au A Cx Fox Tio
blaCMY-94_1	JX514368	Au A Cx Fox Tio
blaCMY-95_1	JX514369	Au A Cx Fox Tio
blaCMY-98_1	KC603538	Au A Cx Fox Tio
blaCMY-99_1	KF305673	Au A Cx Fox Tio
blaCMY-104_1	KF150216	Au A Cx Fox Tio
blaCMY-110_1	AB872957	Au A Cx Fox Tio
blaCTX-M-1_6	DQ915955	A Cx Tio
blaCTX-M-1_4	AJ416342	A Cx Tio
blaCTX-M-2_1	EU622041	A Cx Tio
blaCTX-M-3_8	EF382672	A Cx Tio
blaCTX-M-3_2	EF437434	A Cx Tio
blaCTX-M-4_1	Y14156	A Cx Tio
blaCTX-M-5_8	AJ005045	A Cx Tio
blaCTX-M-5_6	AF286192	A Cx Tio
blaCTX-M-6_1	AJ005044	A Cx Tio
blaCTX-M-8_1	AF189721	A Cx Tio
blaCTX-M-9_7	AJ416345	A Cx Tio
blaCTX-M-9_1	AF174129	A Cx Tio
blaCTX-M-10_1	AY598759	A Cx Tio
blaCTX-M-11_1	AJ310929	A Cx Tio
blaCTX-M-12_1	DQ821704	A Cx Tio
blaCTX-M-13_2	AF252623	A Cx Tio
blaCTX-M-14_1	AF252622	A Cx Tio
blaCTX-M-14b_4	EU274579	A Cx Tio
blaCTX-M-14_5	AJ416341	A Cx Tio
blaCTX-M-14b_1	DQ359215	A Cx Tio
blaCTX-M-15_23	DQ302097	A Cx Tio
blaCTX-M-15_64	FJ815288	A Cx Tio
blaCTX-M-15_70	FJ815277	A Cx Tio
blaCTX-M-16_1	AY029068	A Cx Tio
blaCTX-M-17_1	AY033516	A Cx Tio
blaCTX-M-17_2	AF454633	A Cx Tio
blaCTX-M-19_1	AF325134	A Cx Tio
blaCTX-M-20_1	AJ416344	A Cx Tio
blaCTX-M-21_1	AJ416346	A Cx Tio
blaCTX-M-22_1	HM470254	A Cx Tio
blaCTX-M-22_3	EU376964	A Cx Tio
blaCTX-M-23_1	AF488377	A Cx Tio
blaCTX-M-24_1	EU921824	A Cx Tio
blaCTX-M-24_2	EF570050	A Cx Tio
blaCTX-M-24_8	EF374096	A Cx Tio
blaCTX-M-25_1	AF518567	A Cx Tio
blaCTX-M-26_1	AY455830	A Cx Tio
blaCTX-M-27_1	EU916273	A Cx Tio
blaCTX-M-28_6	AJ549244	A Cx Tio
blaCTX-M-29_1	AY267213	A Cx Tio
blaCTX-M-30_1	AY292654	A Cx Tio
blaCTX-M-31_1	AJ567481	A Cx Tio
blaCTX-M-32_2	AM420303	A Cx Tio
blaCTX-M-33_1	AY238472	A Cx Tio
blaCTX-M-34_1	AY515297	A Cx Tio
blaCTX-M-35_1	AB176534	A Cx Tio
blaCTX-M-36_1	AB177384	A Cx Tio
blaCTX-M-37_2	FN813246	A Cx Tio
blaCTX-M-38_1	AY753197	A Cx Tio
blaCTX-M-39_1	AY954516	A Cx Tio
blaCTX-M-40_1	AY750914	A Cx Tio
blaCTX-M-41_1	DQ023162	A Cx Tio
blaCTX-M-42_1	DQ061159	A Cx Tio
blaCTX-M-43_1	DQ102702	A Cx Tio
blaCTX-M-44_1	D37830	A Cx Tio
blaCTX-M-45_1	D89862	A Cx Tio
blaCTX-M-46_1	AY847147	A Cx Tio
blaCTX-M-47_1	AY847143	A Cx Tio
blaCTX-M-48_1	AY847144	A Cx Tio
blaCTX-M-49_1	AY847145	A Cx Tio
blaCTX-M-50_1	AY847146	A Cx Tio
blaCTX-M-51_1	DQ211987	A Cx Tio
blaCTX-M-52_1	GU125667	A Cx Tio
blaCTX-M-53_1	DQ268764	A Cx Tio
blaCTX-M-54_1	DQ303459	A Cx Tio
blaCTX-M-55_2	GQ456159	A Cx Tio
blaCTX-M-56_1	EF374097	A Cx Tio
blaCTX-M-58_1	EF210159	A Cx Tio
blaCTX-M-59_1	EU622856	A Cx Tio
blaCTX-M-60_1	AM411407	A Cx Tio
blaCTX-M-61_1	EF219142	A Cx Tio
blaCTX-M-62_1	EF219134	A Cx Tio
blaCTX-M-63_1	EU660216	A Cx Tio
blaCTX-M-64_1	GQ456156	A Cx Tio
blaCTX-M-65_2	GQ456158	A Cx Tio
blaCTX-M-65_11	FJ907380	A Cx Tio
blaCTX-M-66_1	EF576988	A Cx Tio
blaCTX-M-67_1	EF581888	A Cx Tio
blaCTX-M-68_1	EU177100	A Cx Tio
blaCTX-M-69_1	EU402393	A Cx Tio
blaCTX-M-71_1	FJ815436	A Cx Tio
blaCTX-M-72_1	AY847148	A Cx Tio
blaCTX-M-74_1	GQ149243	A Cx Tio
blaCTX-M-75_1	GQ149244	A Cx Tio
blaCTX-M-76_1	AM982520	A Cx Tio
blaCTX-M-77_1	AM982521	A Cx Tio
blaCTX-M-78_1	AM982522	A Cx Tio
blaCTX-M-79_1	GU125666	A Cx Tio
blaCTX-M-80_1	EU202673	A Cx Tio
blaCTX-M-81_1	EU136031	A Cx Tio
blaCTX-M-82_1	DQ256091	A Cx Tio
blaCTX-M-83_1	FJ214366	A Cx Tio
blaCTX-M-84_1	FJ214367	A Cx Tio
blaCTX-M-85_1	FJ214368	A Cx Tio
blaCTX-M-86_1	FJ214369	A Cx Tio
blaCTX-M-87_1	EU545409	A Cx Tio
blaCTX-M-88_1	FJ873739	A Cx Tio
blaCTX-M-89_1	FJ966096	A Cx Tio
blaCTX-M-89_2	FJ971899	A Cx Tio
blaCTX-M-90_1	FJ907381	A Cx Tio
blaCTX-M-91_1	GQ870432	A Cx Tio
blaCTX-M-92_1	GU127598	A Cx Tio
blaCTX-M-93_1	HQ166709	A Cx Tio
blaCTX-M-94_1	HM167760	A Cx Tio
blaCTX-M-95_1	FN813245	A Cx Tio
blaCTX-M-96_1	AJ704396	A Cx Tio
blaCTX-M-97_1	HM776707	A Cx Tio
blaCTX-M-98_1	HM755448	A Cx Tio
blaCTX-M-99_1	HM803271	A Cx Tio
blaCTX-M-100_1	FR682582	A Cx Tio
blaCTX-M-101_1	HQ398214	A Cx Tio
blaCTX-M-102_1	HQ398215	A Cx Tio
blaCTX-M-103_1	HG423149	A Cx Tio
blaCTX-M-104_1	HQ833652	A Cx Tio
blaCTX-M-105_1	HQ833651	A Cx Tio
blaCTX-M-106_1	HQ913565	A Cx Tio
blaCTX-M-110_1	JF274242	A Cx Tio
blaCTX-M-111_1	JF274243	A Cx Tio
blaCTX-M-112_1	JF274246	A Cx Tio
blaCTX-M-113_1	JF274247	A Cx Tio
blaCTX-M-114_1	GQ351346	A Cx Tio
blaCTX-M-116_1	JF966749	A Cx Tio
blaCTX-M-117_1	JN227085	A Cx Tio
blaCTX-M-121_1	JN790862	A Cx Tio
blaCTX-M-123_1	JN790864	A Cx Tio
blaCTX-M-124_1	JQ429324	A Cx Tio
blaCTX-M-125_1	JQ724542	A Cx Tio
blaCTX-M-126_1	AB703103	A Cx Tio
blaCTX-M-129_1	JX017364	A Cx Tio
blaCTX-M-130_1	JX017365	A Cx Tio
blaCTX-M-131_1	JN969893	A Cx Tio
blaCTX-M-132_1	JX313020	A Cx Tio
blaCTX-M-134_1	JX896165	A Cx Tio
blaCTX-M-136_1	KC351754	A Cx Tio
blaCTX-M-139_1	KC107824	A Cx Tio
blaCTX-M-142_1	KF240809	A Cx Tio
blaCTX-M-147_1	KF513180	A Cx Tio
blaDHA-1_1	Y16410	Au A Fox
blaDHA-2_1	AF259520	Au A Fox
blaDHA-3_1	AY494945	Au A Fox
blaDHA-5_1	JF273491	Au A Fox
blaDHA-6_1	HQ322612	Au A Fox
blaDHA-7_1	HQ456945	Au A Fox
blaFONA-6_1	AJ251244	A
blaFONA-5_1	AJ251243	A
blaFONA-4_1	AJ251242	A
blaFONA-3_1	AJ251241	A
blaFONA-2_1	AJ251240	A
blaFONA-1_1	AJ251239	A
blaFOX-1_1	X77455	Au A Cx Fox Tio
blaFOX-2_1	Y10282	Au A Cx Fox Tio
blaFOX-3_1	Y11068	Au A Cx Fox Tio
blaFOX-4_1	AJ277535	Au A Cx Fox Tio
blaFOX-5_1	AY007369	Au A Cx Fox Tio
blaFOX-6_1	AY034848	Au A Cx Fox Tio
blaFOX-7_1	AJ703796	Au A Cx Fox Tio
blaFOX-8_1	HM565917	Au A Cx Fox Tio
blaFOX-9_1	JF896803	Au A Cx Fox Tio
blaFOX-10_1	JX049131	Au A Cx Fox Tio
blaGOB-1_1	EF394442	Au A Cx Fox Tio Mer
blaGOB-1_2	AF090141	Au A Cx Fox Tio Mer
blaGOB-2_1	AF189296	Au A Cx Fox Tio Mer
blaGOB-3_1	AF189291	Au A Cx Fox Tio Mer
blaGOB-4_1	AF189293	Au A Cx Fox Tio Mer
blaGOB-5_1	AF189290	Au A Cx Fox Tio Mer
blaGOB-6_1	AF189292	Au A Cx Fox Tio Mer
blaGOB-7_1	AF189297	Au A Cx Fox Tio Mer
blaGOB-8_1	AY348327	Au A Cx Fox Tio Mer
blaGOB-9_1	AY647246	Au A Cx Fox Tio Mer
blaGOB-10_1	AY647247	Au A Cx Fox Tio Mer
blaGOB-11_1	AY647248	Au A Cx Fox Tio Mer
blaGOB-12_1	AY647249	Au A Cx Fox Tio Mer
blaGOB-13_1	AY647251	Au A Cx Fox Tio Mer
blaGOB-14_1	AY647252	Au A Cx Fox Tio Mer
blaGOB-15_1	AY775547	Au A Cx Fox Tio Mer
blaGOB-16_1	GU188443	Au A Cx Fox Tio Mer
blaGOB-16_2	AY899331	Au A Cx Fox Tio Mer
blaGOB-17_1	AY899332	Au A Cx Fox Tio Mer
blaGOB-18_1	DQ004496	Au A Cx Fox Tio Mer
blaHERA-1_1	AF311385	A
blaHERA-2_1	AF398334	A
blaHERA-3_1	AF398335	A
blaHERA-4_1	AJ536088	A
blaHERA-5_1	AJ536089	A
blaHERA-6_1	AJ536090	A
blaHERA-8_1	AJ536092	A
blaIND-1_1	AF099139	Au A Cx Fox Tio Mer
blaIND-2_2	AF219127	Au A Cx Fox Tio Mer
blaIND-2a_4	AF219130	Au A Cx Fox Tio Mer
blaIND-2b_3	EF672681	Au A Cx Fox Tio Mer
blaIND-2c_1	GU186042	Au A Cx Fox Tio Mer
blaIND-3_1	AF219131	Au A Cx Fox Tio Mer
blaIND-4_1	AF219135	Au A Cx Fox Tio Mer
blaIND-5_1	AY504627	Au A Cx Fox Tio Mer
blaIND-6_1	AM087455	Au A Cx Fox Tio Mer
blaIND-7_1	AB529520	Au A Cx Fox Tio Mer
blaIND-8_1	GU186044	Au A Cx Fox Tio Mer
blaIND-9_1	GU186045	Au A Cx Fox Tio Mer
blaIND-10_1	GU206353	Au A Cx Fox Tio Mer
blaIND-11_1	HM245379	Au A Cx Fox Tio Mer
blaIND-12_1	HM245380	Au A Cx Fox Tio Mer
blaIND-14_1	HM367709	Au A Cx Fox Tio Mer
blaIND-15_1	AB563173	Au A Cx Fox Tio Mer
blaKPC-1_1	AF297554	Au A Cx Fox Tio Mer
blaKPC-2_1	AY034847	Au A Cx Fox Tio Mer
blaKPC-3_1	HM769262	Au A Cx Fox Tio Mer
blaKPC-4_1	FJ473382	Au A Cx Fox Tio Mer
blaKPC-5_1	EU400222	Au A Cx Fox Tio Mer
blaKPC-6_1	EU555534	Au A Cx Fox Tio Mer
blaKPC-7_1	EU729727	Au A Cx Fox Tio Mer
blaKPC-8_1	FJ234412	Au A Cx Fox Tio Mer
blaKPC-9_1	FJ624872	Au A Cx Fox Tio Mer
blaKPC-10_1	GQ140348	Au A Cx Fox Tio Mer
blaKPC-11_1	HM066995	Au A Cx Fox Tio Mer
blaKPC-12_1	HQ342889	Au A Cx Fox Tio Mer
blaKPC-13_1	HQ342890	Au A Cx Fox Tio Mer
blaKPC-14_1	JX524191	Au A Cx Fox Tio Mer
blaKPC-15_1	KC433553	Au A Cx Fox Tio Mer
blaKPC-16_1	KC465199	Au A Cx Fox Tio Mer
blaLEN1_1	X04515	A
blaLEN2_1	AY037780	A
blaLEN3_1	AY130286	A
blaLEN4_1	AY130287	A
blaLEN5_1	AY633109	A
blaLEN7_1	AJ635425	A
blaLEN8_1	AJ635424	A
blaLEN9_1	AJ635405	A
blaLEN10_1	AJ635419	A
blaLEN11_1	AJ635417	A
blaLEN12_1	AJ635406	A
blaLEN13_1	AJ635403	A
blaLEN15_1	AF452105	A
blaLEN16_1	AY743416	A
blaLEN17_1	EF205593	A
blaLEN18_1	AM850908	A
blaLEN19_1	AM850909	A
blaLEN20_1	AM850910	A
blaLEN21_1	AM850911	A
blaLEN22_1	AM850912	A
blaLEN23_1	AM850913	A
blaLEN24_1	AM850914	A
blaLEN25_1	HQ709169	A
blaLEN26_1	JQ067123	A
blaMAL-1_1	AJ277209	A
blaMAL-1_2	AJ609506	A
blaMIR-1_1	M37839	Au A Cx Fox Tio
blaMIR-2_1	AY227752	Au A Cx Fox Tio
blaMIR-3_1	AY743435	Au A Cx Fox Tio
blaMIR-4_1	EF417572	Au A Cx Fox Tio
blaMIR-5_1	FJ237367	Au A Cx Fox Tio
blaMIR-6_1	JQ664733	Au A Cx Fox Tio
blaMOR_1	Y10283	Au A Cx Fox Tio
blaMOR-2_1	AY235804	Au A Cx Fox Tio
blaMOX-1_1	D13304	Au A Cx Fox Tio
blaMOX-2_1	AJ276453	Au A Cx Fox Tio
blaMOX-3_1	EU515248	Au A Cx Fox Tio
blaMOX-4_1	FJ262599	Au A Cx Fox Tio
blaMOX-5_1	GQ152600	Au A Cx Fox Tio
blaMOX-6_1	GQ152601	Au A Cx Fox Tio
blaMOX-7_1	GQ152602	Au A Cx Fox Tio
blaOCH-2_1	AJ295340	Au A Cx Fox Tio
blaOCH-3_1	AJ295341	Au A Cx Fox Tio
blaOCH-4_1	AJ295342	Au A Cx Fox Tio
blaOCH-5_1	AJ295343	Au A Cx Fox Tio
blaOCH-6_1	AJ295344	Au A Cx Fox Tio
blaOCH-7_1	AJ295345	Au A Cx Fox Tio
blaOCH-8_1	DQ489307	Au A Cx Fox Tio
blaOKP-A-1_1	AM051138	A
blaOKP-A-2_1	AM051139	A
blaOKP-A-3_1	AM051140	A
blaOKP-A-4_1	AM051142	A
blaOKP-A-5_1	AM051143	A
blaOKP-A-6_1	AM051144	A
blaOKP-A-7_1	AM051145	A
blaOKP-A-8_1	AM051147	A
blaOKP-A-9_1	AM051148	A
blaOKP-A-10_1	AM051149	A
blaOKP-A-11_1	AM850915	A
blaOKP-A-12_1	AM850915	A
blaOKP-A-13_1	FJ534513	A
blaOKP-A-14_1	FJ534512	A
blaOKP-A-15_1	FJ755841	A
blaOKP-A-16_1	FJ755840	A
blaOKP-B-1_1	AM051150	A
blaOKP-B-2_1	AM051151	A
blaOKP-B-3_1	AM051152	A
blaOKP-B-4_1	AM051153	A
blaOKP-B-5_1	AY512506	A
blaOKP-B-6_1	AY850171	A
blaOKP-B-7_1	AM051156	A
blaOKP-B-8_1	AM051157	A
blaOKP-B-9_1	AM051159	A
blaOKP-B-10_1	AM051160	A
blaOKP-B-11_1	AM051161	A
blaOKP-B-12_1	AJ635420	A
blaOKP-B-13_1	AY825330	A
blaOKP-B-14_1	DQ995288	A
blaOKP-B-15_1	AM850917	A
blaOKP-B-16_1	AM850918	A
blaOKP-B-17_1	AM850919	A
blaOKP-B-18_1	AM850920	A
blaOKP-B-19_1	AM850921	A
blaOKP-B-20_1	AM850922	A
blaOXA-SHE_1	AY066004	A
blaOXA-1_1	J02967	A
blaOXA-2_1	DQ310703	A
blaOXA-2_1	GQ466184	A
blaOXA-2_2	AY444814	A
blaOXA-3_1	L07945	A
blaOXA-4_1	AY162283	A
blaOXA-5_1	X58272	A
blaOXA-7_1	X75562	A
blaOXA-9_2	JF703130	A
blaOXA-10_1	HM175875	A
blaOXA-10_2	EU886981	A
blaOXA-11_1	Z22590	A Cx Tio
blaOXA-12_1	U10251	A
blaOXA-13_1	AF043558	A
blaOXA-14_1	L38523	A Cx Tio
blaOXA-13_1	U59183	A
blaOXA-15_1	U63835	A Cx Tio
blaOXA-16_1	AF043100	A Cx Tio
blaOXA-17_1	AF060206	A Cx Tio
blaOXA-17_2	DQ902344	A Cx Tio
blaOXA-18_1	EU503121	A
blaOXA-19_1	AF043381	A Cx Tio
blaOXA-20_1	AF024602	A
blaOXA-21_2	DQ993182	A
blaOXA-22_1	AF064820	A
blaOXA-23_1	HQ700358	A Mer
blaOXA-24_1	AJ239129	A Mer
blaOXA-25_1	AF201826	A
blaOXA-26_1	AF201827	A
blaOXA-27_1	AF201828	A
blaOXA-28_1	FJ374756	A Cx Tio
blaOXA-29_1	AJ400619	A
blaOXA-31_1	AF294653	A
blaOXA-32_1	AF315351	A Cx Tio
blaOXA-34_1	AF350424	A
blaOXA-35_1	AF315786	A Cx Tio
blaOXA-36_1	AF300985	A Cx Tio
blaOXA-37_1	AY007784	A Cx Tio
blaOXA-42_1	AJ488302	A
blaOXA-43_1	AJ488303	A
blaOXA-45_1	AJ519683	A
blaOXA-46_1	AJ969237	A
blaOXA-47_1	AY237830	A
blaOXA-48_2	AY236073	A Mer
blaOXA-49_1	AY288523	A
blaOXA-50_1	AY306135	A
blaOXA-50_2	AY306133	A
blaOXA-50_3	AY306132	A
blaOXA-50_3	AY306130	A
blaOXA-51_1	AJ309734	A Mer
blaOXA-51_3	EU255296	A Mer
blaOXA-51_4	EU255295	A Mer
blaOXA-51_5	EU255294	A Mer
blaOXA-51_6	EU255293	A Mer
blaOXA-51_7	EU255292	A Mer
blaOXA-51_8	EU255291	A Mer
blaOXA-51_9	EU255290	A Mer
blaOXA-51_11	EU255288	A Mer
blaOXA-53_1	AY289608	A
blaOXA-54_1	AY500137	A
blaOXA-55_1	AY343493	A
blaOXA-56_1	EF437948	A
blaOXA-56_1	AY660529	A
blaOXA-57_1	AJ631966	A
blaOXA-58_1	AY665723	A Mer
blaOXA-58_14	EU107364	A Mer
blaOXA-59_1	AJ632249	A
blaOXA-60_1	AY664506	A
blaOXA-60_2	AY664505	A
blaOXA-60_3	AY664504	A
blaOXA-60_4	AY662675	A
blaOXA-61_1	AY587956	A
blaOXA-62_1	AY423074	A
blaOXA-63_1	AY619003	A
blaOXA-64_1	AY750907	A
blaOXA-65_1	AY750908	A
blaOXA-66_4	FJ360530	A
blaOXA-67_1	DQ491200	A
blaOXA-68_1	AY750910	A
blaOXA-69_1	HM564339	A
blaOXA-70_1	AY750912	A
blaOXA-71_1	AY859528	A
blaOXA-72_1	GU199039	A
blaOXA-73_1	AY762325	A
blaOXA-74_1	EU161636	A
blaOXA-75_1	AY859529	A
blaOXA-76_1	AY949203	A
blaOXA-77_1	AY949202	A
blaOXA-78_1	AY862132	A
blaOXA-79_1	EU019534	A
blaOXA-80_1	EU019535	A
blaOXA-82_2	EU019536	A
blaOXA-82_1	GQ352402	A
blaOXA-83_1	DQ309277	A
blaOXA-84_1	DQ309276	A
blaOXA-85_1	AY227054	A
blaOXA-86_1	DQ149247	A
blaOXA-87_1	DQ348075	A
blaOXA-88_1	DQ392963	A
blaOXA-89_2	DQ445683	A
blaOXA-90_1	EU547443	A
blaOXA-91_1	DQ519086	A
blaOXA-92_1	DQ335566	A
blaOXA-93_1	DQ519087	A
blaOXA-94_1	DQ519088	A
blaOXA-95_1	DQ519089	A
blaOXA-96_1	DQ519090	A
blaOXA-97_1	EF102240	A
blaOXA-98_1	AM279652	A
blaOXA-99_1	DQ888718	A
blaOXA-100_1	AM231720	A
blaOXA-101_1	AM412777	A
blaOXA-104_1	EF581285	A
blaOXA-106_1	EF650032	A
blaOXA-107_1	EF650033	A
blaOXA-108_1	EF650034	A
blaOXA-109_1	EF650035	A
blaOXA-110_1	EF650036	A
blaOXA-111_1	EF650037	A
blaOXA-112_1	EF650038	A
blaOXA-113_1	EF653400	A
blaOXA-114_1	HM368376	A
blaOXA-114_2	HM368375	A
blaOXA-114_3	HM104634	A
blaOXA-114_4	HM104633	A
blaOXA-114_5	HM056041	A
blaOXA-114_6	HM056040	A
blaOXA-115_1	EU029998	A
blaOXA-116_1	EU220744	A
blaOXA-117_1	GQ423625	A
blaOXA-117_2	EU220745	A
blaOXA-118_1	AF371964	A
blaOXA-119_1	AY139598	A
blaOXA-120_1	HE963768	A
blaOXA-128_1	EU375515	A
blaOXA-129_1	AM932669	A
blaOXA-130_1	EU547445	A
blaOXA-131_1	EU547446	A
blaOXA-132_1	EU547447	A
blaOXA-133_1	EU571228	A
blaOXA-134_1	HQ122933	A
blaOXA-136_1	EU086833	A
blaOXA-136_2	EU086832	A
blaOXA-137_1	EU086836	A
blaOXA-138_1	EU670845	A
blaOXA-139_1	AM991978	A
blaOXA-141_1	EF552405	A Cx Tio
blaOXA-142_1	EU358785	A Cx Tio
blaOXA-143_1	GQ861437	A
blaOXA-144_1	FJ617207	A
blaOXA-144_2	FJ872530	A
blaOXA-145_1	FJ790516	A Cx Tio
blaOXA-146_1	FJ194460	A
blaOXA-147_1	FJ848783	A Cx Tio
blaOXA-148_1	GQ853679	A
blaOXA-149_1	GQ853680	A
blaOXA-150_1	GQ853681	A
blaOXA-160_1	GU199038	A
blaOXA-161_1	GQ202693	A Cx Tio
blaOXA-162_1	GU197550	A
blaOXA-163_1	HQ700343	A
blaOXA-164_1	GU831575	A
blaOXA-165_1	HM488986	A
blaOXA-166_1	HM488987	A
blaOXA-167_1	HM488988	A
blaOXA-168_1	HM488989	A
blaOXA-169_1	HM488990	A
blaOXA-170_1	HM488991	A
blaOXA-171_1	HM488992	A
blaOXA-172_1	HM113558	A
blaOXA-173_1	HM113559	A
blaOXA-174_1	HM113560	A
blaOXA-175_1	HM113561	A
blaOXA-176_1	HM113562	A
blaOXA-177_1	HM113563	A
blaOXA-178_1	HM113564	A
blaOXA-179_1	HM570035	A
blaOXA-180_1	HM570036	A
blaOXA-181_1	HM992946	A
blaOXA-182_1	HM640278	A
blaOXA-183_1	HQ111474	A
blaOXA-192_1	JF273470	A
blaOXA-194_1	HQ425492	A
blaOXA-195_1	HQ425493	A
blaOXA-196_1	HQ425494	A
blaOXA-197_1	HQ425495	A
blaOXA-198_1	HQ634775	A
blaOXA-199_1	HQ637466	A
blaOXA-200_1	HQ734811	A
blaOXA-201_1	HQ734812	A
blaOXA-202_1	HQ734813	A
blaOXA-203_1	HQ998857	A
blaOXA-204_1	JQ809466	A
blaOXA-205_1	JF800667	A
blaOXA-206_1	AB634250	A
blaOXA-207_1	JQ838185	A
blaOXA-208_1	FR853176	A
blaOXA-209_1	JF268688	A
blaOXA-210_1	JF795487	A
blaOXA-211_1	JN861779	A
blaOXA-212_1	JN861780	A
blaOXA-213_1	JN861781	A
blaOXA-214_1	JN861782	A
blaOXA-215_1	JN861783	A
blaOXA-216_1	FR865168	A
blaOXA-217_1	JN603240	A
blaOXA-219_1	JN215211	A
blaOXA-223_1	JN248564	A
blaOXA-224_1	JN596991	A
blaOXA-225_1	JN638887	A
blaOXA-228_1	JQ422053	A
blaOXA-229_1	JQ422052	A
blaOXA-230_1	JQ422054	A
blaOXA-231_1	JQ326200	A
blaOXA-232_1	JX423831	A
blaOXA-235_1	JQ820240	A
blaOXA-236_1	JQ820242	A
blaOXA-237_1	JQ820241	A
blaOXA-239_1	JQ837239	A
blaOXA-240_1	JX089628	A
blaOXA-241_1	JX025021	A
blaOXA-242_1	JX025022	A
blaOXA-243_1	JX206446	A
blaOXA-244_1	JX438000	A
blaOXA-245_1	JX438001	A
blaOXA-247_1	JX893517	A
blaOXA-248_1	HE963769	A
blaOXA-249_1	HE963770	A
blaOXA-250_1	HE963771	A
blaOXA-251_1	JN118546	A
blaOXA-253_1	KC479324	A
blaOXA-254_1	AB781687	A
blaOXA-255_1	KC479325	A
blaOXA-256_1	HE616889	A
blaOXA-257_1	KC567681	A
blaOXA-258_1	HE614014	A
blaOXA-278_1	KC771279	A
blaOXA-309_1	HF947514	A
blaOXA-320_1	KF151169	A
blaOXA-322_1	KF203096	A
blaOXA-323_1	KF203097	A
blaOXA-324_1	KF203098	A
blaOXA-325_1	KF203099	A
blaOXA-326_1	KF203100	A
blaOXA-327_1	KF203101	A
blaOXA-328_1	KF203102	A
blaOXA-329_1	KF203103	A
blaOXA-330_1	KF203104	A
blaOXA-331_1	KF203105	A
blaOXA-332_1	KF203106	A
blaOXA-333_1	KF203107	A
blaOXA-334_1	KF203108	A
blaOXA-335_1	KF203109	A
blaOXA-347_1	JN086160	A
blaOXA-348_1	KF297577	A
blaOXA-349_1	KF297578	A
blaOXA-350_1	KF297579	A
blaOXA-351_1	KF297580	A
blaOXA-352_1	KF297581	A
blaOXA-353_1	KF297582	A
blaOXA-354_1	KF297583	A
blaOXA-355_1	KF297584	A
blaOXA-356_1	KF297585	A
blaOXA-357_1	KF421160	A
blaOXA-358_1	KF421161	A
blaOXA-359_1	KF421162	A
blaOXA-360_1	KF421163	A
blaOXA-371_1	AB871653	A
blaOXA-372_1	KJ746496	A
blaOXA-436_1	KT959103	A
blaOXY-1-1_1	Z30177	A
blaOXY-1-2_2	AJ871864	A
blaOXY-1-3_3	AY077482	A
blaOXY-1-4_4	AY077483	A
blaOXY-1-5_5	AY077486	A
blaOXY-1-6_6	Y17715	A
blaOXY-1-7_7	M27459	A
blaOXY-2-1_1	AJ871866	A
blaOXY-2-2_2	AJ871867	A
blaOXY-2-3_3	AY077488	A
blaOXY-2-4_4	Y17714	A
blaOXY-2-5_5	AY077487	A
blaOXY-2-6_6	AY077485	A
blaOXY-2-7_7	Z49084	A
blaOXY-2-8_8	AY055205	A
blaOXY-2-9_9	FJ785625	A
blaOXY-2-10_10	FJ785626	A
blaOXY-3-1_1	AF491278	A
blaOXY-4-1_1	AY077481	A
blaOXY-5-1_1	AJ871868	A
blaOXY-5-2_2	AJ871871	A
blaOXY-6-1_1	AJ871873	A
blaOXY-6-2_2	AJ871875	A
blaOXY-6-3_3	AJ871876	A
blaOXY-6-4_4	AJ871877	A
blaPAO_1	AY083595	Au A Cx Fox Tio
blaPAO_2	FJ666065	Au A Cx Fox Tio
blaPAO_3	FJ666073	Au A Cx Fox Tio
blaPAO_4	AY083592	Au A Cx Fox Tio
blaPER-1_1	GU944725	A Cx Tio
blaPER-2_1	X93314	A Cx Tio
blaPER-3_1	AY740681	A Cx Tio
blaPER-4_1	EU748544	A Cx Tio
blaPER-5_1	FJ627180	A Cx Tio
blaPER-6_1	GQ396303	A Cx Tio
blaPER-7_1	HQ713678	A Cx Tio
blaRAHN-1_1	GU645205	A Cx Tio
blaRAHN-1_2	AF338038	A Cx Tio
blaRAHN-2_2	HM114350	A Cx Tio
blaROB-1_1	DQ840517	A
blaROB-1_2	AF022114	A
blaSHV-1_1	DQ166783	A
blaSHV-1_2	X98100	A
blaSHV-1_3	X98098	A
blaSHV-1_4	GQ407127	A
blaSHV-1_5	GQ407119	A
blaSHV-1_6	GU083599	A
blaSHV-1_7	GU083598	A
blaSHV-1_8	GQ407137	A
blaSHV-1_9	HM751102	A
blaSHV-1_10	EF035567	A
blaSHV-1_11	EF035565	A
blaSHV-1_12	AY787643	A
blaSHV-1_13	AF462396	A
blaSHV-1_14	HM751099	A
blaSHV-1_15	FJ668804	A
blaSHV-1_16	FJ668800	A
blaSHV-1_17	FJ668799	A
blaSHV-1_18	FJ668818	A
blaSHV-2_1	GQ407116	A Cx Tio
blaSHV-2_2	AF282921	A Cx Tio
blaSHV-2_4	GU064394	A Cx Tio
blaSHV-2a_13	X98102	A Cx Tio
blaSHV-5_1	AF096930	A Cx Tio
blaSHV-5_2	AF462394	A Cx Tio
blaSHV-5_3	GQ407139	A Cx Tio
blaSHV-5_4	AY386369	A Cx Tio
blaSHV-5_5	S82452	A Cx Tio
blaSHV-5_6	EF653399	A Cx Tio
blaSHV-5_7	AY570962	A Cx Tio
blaSHV-5_8	AY502004	A Cx Tio
blaSHV-5_9	AY502000	A Cx Tio
blaSHV-7_1	U20270	A Cx Tio
blaSHV-8_1	ECU92041	A Cx Tio
blaSHV-11_1	AY528717	A
blaSHV-11_2	HM751098	A
blaSHV-11_3	EF035563	A
blaSHV-11_4	EF035558	A
blaSHV-11_5	GQ407117	A
blaSHV-11_6	GQ407130	A
blaSHV-11_7	GQ407109	A
blaSHV-11_8	GQ387358	A
blaSHV-11_9	FJ483937	A
blaSHV-11_10	EF035557	A
blaSHV-11_11	GU064392	A
blaSHV-11_12	GU211012	A
blaSHV-11_13	DQ219476	A
blaSHV-11_14	DQ219474	A
blaSHV-11_15	DQ219473	A
blaSHV-12_1	AF462395	A Cx Tio
blaSHV-12_2	AY273807	A Cx Tio
blaSHV-12_3	FJ668805	A Cx Tio
blaSHV-13_1	AF164577	A Cx Tio
blaSHV-14_1	AF226622	A
blaSHV-15_1	AJ011428	A Cx Tio
blaSHV-16_1	AF072684	A Cx Tio
blaSHV-18_1	AF132290	A Cx Tio
blaSHV-24_1	AB023477	A Cx Tio
blaSHV-25_1	GU064391	A
blaSHV-26_1	AF227204	Au A
blaSHV-27_1	AF293345	A Cx Tio
blaSHV-28_1	HM751101	A
blaSHV-28_2	EU441172	A
blaSHV-28_3	AF299299	A
blaSHV-29_1	AF301532	A
blaSHV-30_1	AY661885	A Cx Tio
blaSHV-31_1	GU064396	A Cx Tio
blaSHV-31_2	AY277255	A Cx Tio
blaSHV-33_1	AY037779	A
blaSHV-34_1	AY036620	A
blaSHV-35_1	AY070258	A
blaSHV-36_1	AY677211	A
blaSHV-36_2	AF467947	A
blaSHV-37_1	AF467948	A
blaSHV-38_1	EU979559	A Cx Tio
blaSHV-40_1	AF535128	A Cx Tio
blaSHV-41_1	AF535129	A Cx Tio
blaSHV-42_1	EF035559	A Cx Tio
blaSHV-43_1	AY065991	A
blaSHV-44_1	AY259119	A
blaSHV-45_1	AF547625	A Cx Tio
blaSHV-46_1	AY210887	A Cx Tio
blaSHV-48_1	AY263404	A
blaSHV-49_1	AY528718	Au A
blaSHV-50_1	AY288915	A
blaSHV-51_1	AY289548	A
blaSHV-52_1	HQ845196	A
blaSHV-55_1	DQ054528	A Cx Tio
blaSHV-56_1	EU586041	Au A
blaSHV-56_2	AY352599	Au A
blaSHV-57_1	AY223863	A Cx Tio
blaSHV-59_1	AY790341	A
blaSHV-60_1	AB302939	A
blaSHV-61_1	AJ866284	A
blaSHV-62_1	AJ866285	A
blaSHV-62_2	GU064395	A
blaSHV-63_1	EU342351	A
blaSHV-64_1	DQ174304	A Cx Tio
blaSHV-65_1	DQ174305	A
blaSHV-66_1	DQ174306	A Cx Tio
blaSHV-67_1	DQ174307	A
blaSHV-69_1	DQ174308	A
blaSHV-70_1	DQ013287	A Cx Tio
blaSHV-71_1	EF373974	A
blaSHV-71_2	DQ296194	A
blaSHV-72_1	AM176547	Au A
blaSHV-73_1	AM176548	A
blaSHV-74_1	AM176549	A
blaSHV-75_1	AM176550	A
blaSHV-76_1	AM176551	A
blaSHV-77_1	EF373975	A
blaSHV-78_1	AM176553	A
blaSHV-79_1	AM176554	A
blaSHV-80_1	AM176555	A
blaSHV-81_1	AM176556	A
blaSHV-82_1	AM176557	A
blaSHV-83_1	AM176558	A
blaSHV-85_1	DQ322460	A
blaSHV-86_1	DQ328802	A Cx Tio
blaSHV-89_1	DQ193536	A
blaSHV-92_1	DQ836922	A
blaSHV-93_1	EF373969	A
blaSHV-94_1	EF373970	A
blaSHV-95_1	EF373972	A
blaSHV-96_1	EF373971	A
blaSHV-97_1	EF373973	A
blaSHV-98_1	AM941844	A Cx Tio
blaSHV-99_1	AM941845	A Cx Tio
blaSHV-100_1	AM941846	A Cx Tio
blaSHV-101_1	EU155018	A
blaSHV-102_2	EU024485	A Cx Tio
blaSHV-103_1	EU032604	A
blaSHV-104_1	EU274581	A Cx Tio
blaSHV-105_1	FJ194944	A Cx Tio
blaSHV-106_1	AM922307	A
blaSHV-107_1	AM922308	Au A
blaSHV-108_1	AM922309	A
blaSHV-109_1	EU418913	A
blaSHV-110_1	HQ877615	A
blaSHV-120_1	JF812965	A
blaSHV-121_1	GQ428198	A
blaSHV-122_1	HM751103	A
blaSHV-128_1	GU932590	A Cx Tio
blaSHV-129_1	GU827715	A Cx Tio
blaSHV-129_2	HM125687	A Cx Tio
blaSHV-132_1	GU981741	A
blaSHV-133_1	AB551737	A
blaSHV-134_1	HM559945	A Cx Tio
blaSHV-135_1	HQ637576	A
blaSHV-137_1	HQ661363	A
blaSHV-140_1	JN051143	A
blaSHV-141_1	JQ388884	A
blaSHV-142_1	JQ029959	A
blaSHV-143_1	JQ341060	A
blaSHV-144_1	JQ926986	A
blaSHV-145_1	JX013655	A
blaSHV-147_1	JX121114	A
blaSHV-148_1	JX121115	A
blaSHV-149_1	JX121116	A
blaSHV-150_1	JX121117	A
blaSHV-151_1	JX121118	A
blaSHV-152_1	JX121119	A
blaSHV-153_1	JX121120	A
blaSHV-154_1	JX121121	A
blaSHV-155_1	JX121122	A
blaSHV-156_1	JX121123	A
blaSHV-157_1	JX121124	A
blaSHV-158_1	JX121125	A
blaSHV-159_1	JX121126	A
blaSHV-160_1	JX121127	A
blaSHV-161_1	JX121128	A
blaSHV-162_1	JX121129	A
blaSHV-163_1	JX121130	A
blaSHV-164_1	HE981194	A
blaSHV-165_1	JX121131	A
blaSHV-168_1	JX870080	A
blaSHV-172_1	KF513177	A
blaSHV-173_1	KF513178	A
blaSHV-178_1	KF705209	A
blaSHV-179_1	KF705208	A
blaTEM-1A_4	HM749966	A
blaTEM-1B_1	JF910132	A
blaTEM-1C_5	FJ560503	A
blaTEM-1D_83	AF188200	A
blaTEM-2_1	X54606	A
blaTEM-2_3	AJ251946	A
blaTEM-3_1	X64523	A Cx Tio
blaTEM-6_1	X57972	A Cx Tio
blaTEM-8_1	X65252	A Cx Tio
blaTEM-10_1	AF093512	A Cx Tio
blaTEM-11_1	AY874537	A Cx Tio
blaTEM-12_1	M88143	A Cx Tio
blaTEM-15_1	AM849805	A Cx Tio
blaTEM-16_1	X65254	A Cx Tio
blaTEM-17_1	Y14574	A Cx Tio
blaTEM-20_1	EU527189	A Cx Tio
blaTEM-21_1	Y17582	A Cx Tio
blaTEM-22_1	Y17583	A Cx Tio
blaTEM-24_1	GQ293500	A Cx Tio
blaTEM-28_1	ECU37195	A Cx Tio
blaTEM-29_1	DQ269440	A Cx Tio
blaTEM-30_1	AJ437107	Au A
blaTEM-33_1	GU371926	Au A
blaTEM-34_1	KC292503	Au A
blaTEM-43_1	KPU95363	A Cx Tio
blaTEM-45_1	X95401	Au A
blaTEM-47_1	Y10279	A Cx Tio
blaTEM-48_1	Y10280	A Cx Tio
blaTEM-49_1	Y10281	A Cx Tio
blaTEM-52C_2	EF141186	A Cx Tio
blaTEM-52B_1	AF027199	A Cx Tio
blaTEM-53_1	AF104441	A Cx Tio
blaTEM-54_1	AF104442	Au A
blaTEM-55_1	DQ286729	A
blaTEM-57_1	FJ405211	A
blaTEM-60_1	AF047171	A Cx Tio
blaTEM-63_1	AF332513	A Cx Tio
blaTEM-67_1	AF091113	Au A
blaTEM-68_1	AJ239002	A Cx Tio
blaTEM-70_1	AF188199	A
blaTEM-71_1	AF203816	A Cx Tio
blaTEM-72_1	AF157553	A Cx Tio
blaTEM-76_1	AF190694	Au A
blaTEM-77_1	AF190695	Au A
blaTEM-78_1	AF190693	Au A
blaTEM-79_1	AF190692	Au A
blaTEM-80_1	AF347054	Au A
blaTEM-81_1	AF427127	Au A
blaTEM-82_1	AF427128	Au A
blaTEM-83_1	AF427129	Au A
blaTEM-84_1	AF427130	Au A
blaTEM-85_1	AJ277414	A Cx Tio
blaTEM-86_1	AJ277415	A Cx Tio
blaTEM-87_1	AF250872	A Cx Tio
blaTEM-88_1	AY027590	A Cx Tio
blaTEM-90_1	AF351241	A
blaTEM-91_1	AB049569	A Cx Tio
blaTEM-92_1	AF143804	A Cx Tio
blaTEM-93_1	AJ318093	A Cx Tio
blaTEM-94_1	AJ318094	A Cx Tio
blaTEM-95_1	AJ308558	A
blaTEM-96_1	AY092401	A
blaTEM-97_1	AF397067	A
blaTEM-98_1	AF397068	A
blaTEM-99_1	AF397066	A
blaTEM-101_1	AF495873	A Cx Tio
blaTEM-102_1	AY040093	A Cx Tio
blaTEM-104_1	AF516719	A
blaTEM-105_1	AF516720	A
blaTEM-106_1	AY101578	A Cx Tio
blaTEM-107_1	AY101764	A Cx Tio
blaTEM-108_1	AF506748	A
blaTEM-109_1	AY628175	Au A Tio Cx
blaTEM-110_1	AY072920	A
blaTEM-111_1	AF468003	A
blaTEM-112_1	AY589493	A Cx Tio
blaTEM-113_1	AY589494	A Cx Tio
blaTEM-114_1	AY589495	A Cx Tio
blaTEM-115_1	AF535127	A Cx Tio
blaTEM-116_4	GU188444	A
blaTEM-116_7	AY425988	A
blaTEM-120_1	AY243512	A Cx Tio
blaTEM-121_1	AY307374	Au A Tio Cx
blaTEM-122_1	AY307100	Au A
blaTEM-123_1	AY327539	A Cx Tio
blaTEM-124_1	AY327540	A Cx Tio
blaTEM-125_1	AY628176	Au A Tio Cx
blaTEM-126_1	AY628199	A Cx Tio
blaTEM-127_1	AY368236	A
blaTEM-128_1	AY359287	A
blaTEM-129_1	AY452662	A Cx Tio
blaTEM-130_1	AJ866988	A Cx Tio
blaTEM-131_1	AY436361	A Cx Tio
blaTEM-132_1	AY491682	A Cx Tio
blaTEM-133_1	AY528425	A Cx Tio
blaTEM-134_1	AY574271	A Cx Tio
blaTEM-135_1	GQ896333	A
blaTEM-136_1	AY826417	A Cx Tio
blaTEM-137_1	AM286274	A Cx Tio
blaTEM-138_1	AY853593	A Cx Tio
blaTEM-139_1	DQ072853	A Cx Tio
blaTEM-141_1	AY956335	A
blaTEM-142_1	DQ388882	A
blaTEM-143_1	DQ075245	A Cx Tio
blaTEM-144_1	DQ256080	A Cx Tio
blaTEM-145_1	DQ105528	Au A
blaTEM-146_1	DQ105529	A
blaTEM-147_1	DQ279850	A Cx Tio
blaTEM-148_1	AM087454	A
blaTEM-149_1	DQ369751	A Cx Tio
blaTEM-150_1	AM183304	A
blaTEM-151_1	DQ834729	Au A Tio Cx
blaTEM-152_1	DQ834728	Au A Tio Cx
blaTEM-153_1	KC149518	A Cx Tio
blaTEM-154_1	FJ807656	Au A Tio Cx
blaTEM-155_1	DQ679961	A Cx Tio
blaTEM-156_1	AM941159	A
blaTEM-157_1	DQ909059	A Cx Tio
blaTEM-158_1	EF534736	Au A Tio Cx
blaTEM-159_1	EF136376	Au A
blaTEM-160_1	EF136377	Au A
blaTEM-162_1	EF468463	A
blaTEM-163_1	EU815939	A
blaTEM-164_1	EU274580	A Cx Tio
blaTEM-166_1	FJ197316	A
blaTEM-167_1	FJ360884	A
blaTEM-168_1	FJ919776	A
blaTEM-169_1	FJ873740	A Cx Tio
blaTEM-171_1	GQ149347	A
blaTEM-176_1	GU550123	A
blaTEM-177_1	FN652295	A Cx Tio
blaTEM-178_1	X97254	Au A Tio Cx
blaTEM-182_1	HQ317449	Au A
blaTEM-183_1	HQ529916	A
blaTEM-184_1	FR848831	A Cx Tio
blaTEM-185_1	JF795538	Au A
blaTEM-186_1	JN227084	A
blaTEM-187_1	HM246246	A Cx Tio
blaTEM-188_1	JN211012	A Cx Tio
blaTEM-189_1	JN254627	A
blaTEM-190_1	JN416112	A
blaTEM-193_1	JN935135	A
blaTEM-194_1	JN935136	A
blaTEM-195_1	JN935137	A
blaTEM-197_1	HQ877606	A Cx Tio
blaTEM-198_1	AB700703	A
blaTEM-199_1	JX050178	A
blaTEM-201_1	JX310327	A
blaTEM-205_1	KC900516	A
blaTEM-206_1	KC783461	A
blaTEM-207_1	KC818234	A Cx Tio
blaTEM-208_1	KC865667	A
blaTEM-209_1	KF240808	A
blaTEM-211_1	KF513179	A Cx Tio
blaTEM-213_1	KF663615	A
blaVEB-1_1	HM370393	A Cx Tio
blaVEB-1_3	DQ393569	A Cx Tio
blaVEB-1_4	AF324834	A Cx Tio
blaVEB-2_1	AY027870	A Cx Tio
blaVEB-3_1	AY536519	A Cx Tio
blaVEB-4_1	EF136375	A Cx Tio
blaVEB-5_1	EF420108	A Cx Tio
blaVEB-6_1	EU259884	A Cx Tio
blaVEB-7_1	FJ825622	A Cx Tio
blaVEB-8_1	JX679208	A Cx Tio
ampH_1	AJ276031	A
ampH_2	HQ586946	A
blaSMB-1_1	AB636283	Au A Cx Fox Tio Mer
POM-1_1	GU002295	Au A Cx Fox Tio Mer
blaCFE-1_1	AB107899	Au A Cx Fox Tio
blaLAT-1_1	X78117	Au A Cx Fox Tio
blaNPS_1	AY027589	A
blaLCR-1_1	X56809	A
blaNMC-A_1	AJ536087	A
blaFAR-1_1	AF024601	A
blaKHM-1_1	AB364006	A
blaCEPH-A3_1	AY112998	A
blaSIM-1_1	JF731030	A
blaGIM-1_1	JF414726	A
blaSPM-1_1	AY341249	A
blaBES-1_1	AF234999	A
blaSFO-1_1	AB003148	A
blaTLA-1_1	AF148067	A
hugA_1	AF324468	A
blaDIM-1_1	GU323019	A
blaAER-1_1	U14748	A
blaBIC-1_1	GQ260093	A
blaERP-1_1	AY077733	A
blaPME-1_1	HQ541434	A
blaJOHN-1_1	AY028464	A
blaMUS-1_1	AF441286	A
blaCGB-1_1	EF672680	A
blaEBR-1_1	AF416700	A
blaTUS-1_1	AF441287	A
blaACI-1_1	AJ007350	A
blaAST-1_1	AF279904	A
blaCKO-1_1	AF477396	A
blaCME-1_1	AJ006275	A
blaDES-1_1	AF426161	A
blaLUT-1_1	AY695112	A
blaSED1_1	AF321608	A
penA_1	AF515059	A
MerH_1	AJ548797	A
MerS_1	Y10415	A
blaBIL-1_1	X74512	A
blaCMG_1	AY265892	A
blaTRU_1	EU046614	A
blaZEG-1_1	AY265891	A
ampS_1	X80276	A
blaADC-25_1	EF016355	A
blaA_1	DQ424965	A
blaA_2	AY954728	A
blaB-2_1	AF189300	Au A Cx Fox Tio
blaB-3_1	AF189301	Au A Cx Fox Tio
blaB-3_2	AF189299	Au A Cx Fox Tio
blaB-5_1	AF189303	Au A Cx Fox Tio
blaB-6_1	AF189302	Au A Cx Fox Tio
blaB-7_1	AF189304	Au A Cx Fox Tio
blaB-8_1	AF189305	Au A Cx Fox Tio
blaB-9_1	AY348324	Au A Cx Fox Tio
blaB-10_1	AY348325	Au A Cx Fox Tio
blaB-11_1	AY348326	Au A Cx Fox Tio
blaB-12_1	EF595958	Au A Cx Fox Tio
blaB-13_1	EF595959	Au A Cx Fox Tio
blaB-14_1	JN635697	Au A Cx Fox Tio
blaL1_3	EF126059	A
blaZ_32	AP004832	A
blaZ_34	AP003139	A
blaZ_35	AJ302698	A
blaZ_36	AJ400722	A
blaZ_40	DQ269019	A
cfiA1_1	AB087225	Au A Cx Fox Tio Mer
cfiA2_1	AB087226	Au A Cx Fox Tio Mer
cfiA3_1	AB087228	Au A Cx Fox Tio Mer
cfiA4_1	AB087229	Au A Cx Fox Tio Mer
cfiA6_1	AB087231	Au A Cx Fox Tio Mer
cfiA8_1	AB087233	Au A Cx Fox Tio Mer
cfiA9_1	AB087234	Au A Cx Fox Tio Mer
cfiA10_1	AB087227	Au A Cx Fox Tio Mer
cfiA13_1	FM200787	Au A Cx Fox Tio Mer
cfiA14_1	FM200789	Au A Cx Fox Tio Mer
cfxA_1	U38243	A
cfxA2_1	AF504914	A
cfxA3_1	AF472622	A
cfxA4_1	AY769933	A
cfxA5_1	AY769934	A
cfxA6_1	GQ342996	A
cphA1_2	AY261377	A
cphA1_1	AY261379	A
cphA1_3	AY261378	A
cphA1_4	AY261376	A
cphA1_7	X57102	A
cphA2_6	AHU60294	A
cphA4_1	AY227050	A
cphA5_1	AY227051	A
cphA6_1	AY227052	A
cphA7_1	AY227053	A
cphA8_1	AY261375	A
mecA_2	FR823292	Pen
mecA_6	FR821779	Pen
mecA_4	AB033763	Pen
mecA_5	CP000046	Pen
mecA_7	BA000018	Pen
mecA_10	AB512767	Pen
mecA_14	AB505630	Pen
mecA_15	AB505628	Pen
blaIMP-1_1	DQ522237	Au A Cx Fox Tio Mer
blaIMP-2_1	AJ243491	Au A Cx Fox Tio Mer
blaIMP-3_1	AB010417	Au A Cx Fox Tio Mer
blaIMP-4_1	AF244145	Au A Cx Fox Tio Mer
blaIMP-4_1	DQ307573	Au A Cx Fox Tio Mer
blaIMP-5_1	JF810083	Au A Cx Fox Tio Mer
blaIMP-6_1	AB188812	Au A Cx Fox Tio Mer
blaIMP-7_1	AF318077	Au A Cx Fox Tio Mer
blaIMP-8_1	EU042136	Au A Cx Fox Tio Mer
blaIMP-9_1	AY033653	Au A Cx Fox Tio Mer
blaIMP-10_1	AB195637	Au A Cx Fox Tio Mer
blaIMP-11_1	AB074436	Au A Cx Fox Tio Mer
blaIMP-12_3	AJ420864	Au A Cx Fox Tio Mer
blaIMP-13_1	AJ512502	Au A Cx Fox Tio Mer
blaIMP-14_1	AY553332	Au A Cx Fox Tio Mer
blaIMP-15_1	EF184216	Au A Cx Fox Tio Mer
blaIMP-16_1	AJ584652	Au A Cx Fox Tio Mer
blaIMP-18_1	EF184215	Au A Cx Fox Tio Mer
blaIMP-19_1	EF118171	Au A Cx Fox Tio Mer
blaIMP-20_1	AB196988	Au A Cx Fox Tio Mer
blaIMP-22_2	DQ361087	Au A Cx Fox Tio Mer
blaIMP-24_1	EF192154	Au A Cx Fox Tio Mer
blaIMP-25_1	HM175876	Au A Cx Fox Tio Mer
blaIMP-26_1	GU045307	Au A Cx Fox Tio Mer
blaIMP-27_1	JF894248	Au A Cx Fox Tio Mer
blaIMP-28_1	JQ407409	Au A Cx Fox Tio Mer
blaIMP-29_1	HQ438058	Au A Cx Fox Tio Mer
blaIMP-31_1	KF148593	Au A Cx Fox Tio Mer
blaIMP-32_1	JQ002629	Au A Cx Fox Tio Mer
blaIMP-33_1	JN848782	Au A Cx Fox Tio Mer
blaIMP-34_1	AB715422	Au A Cx Fox Tio Mer
blaIMP-35_1	JF816544	Au A Cx Fox Tio Mer
blaIMP-37_1	JX131372	Au A Cx Fox Tio Mer
blaIMP-38_1	HQ875573	Au A Cx Fox Tio Mer
blaIMP-40_1	AB753457	Au A Cx Fox Tio Mer
blaIMP-41_1	AB753458	Au A Cx Fox Tio Mer
blaIMP-42_1	AB753456	Au A Cx Fox Tio Mer
blaIMP-43_1	AB777500	Au A Cx Fox Tio Mer
blaIMP-44_1	AB777501	Au A Cx Fox Tio Mer
blaVIM-1_1	Y18050	Au A Cx Fox Tio Mer
blaVIM-2_1	AF302086	Au A Cx Fox Tio Mer
blaVIM-3_1	AF300454	Au A Cx Fox Tio Mer
blaVIM-4_1	EU581706	Au A Cx Fox Tio Mer
blaVIM-5_1	DQ023222	Au A Cx Fox Tio Mer
blaVIM-6_1	AY165025	Au A Cx Fox Tio Mer
blaVIM-7_1	AJ536835	Au A Cx Fox Tio Mer
blaVIM-8_1	AY524987	Au A Cx Fox Tio Mer
blaVIM-9_1	AY524988	Au A Cx Fox Tio Mer
blaVIM-10_1	AY524989	Au A Cx Fox Tio Mer
blaVIM-11_1	AY605049	Au A Cx Fox Tio Mer
blaVIM-12_1	DQ143913	Au A Cx Fox Tio Mer
blaVIM-13_1	DQ365886	Au A Cx Fox Tio Mer
blaVIM-14_1	FJ445404	Au A Cx Fox Tio Mer
blaVIM-15_1	EU419745	Au A Cx Fox Tio Mer
blaVIM-16_1	EU419746	Au A Cx Fox Tio Mer
blaVIM-17_1	EU118148	Au A Cx Fox Tio Mer
blaVIM-18_1	AM778091	Au A Cx Fox Tio Mer
blaVIM-19_1	FJ499397	Au A Cx Fox Tio Mer
blaVIM-20_1	GQ414736	Au A Cx Fox Tio Mer
blaVIM-23_1	GQ242167	Au A Cx Fox Tio Mer
blaVIM-24_1	HM855205	Au A Cx Fox Tio Mer
blaVIM-25_1	HM750249	Au A Cx Fox Tio Mer
blaVIM-26_1	FR748153	Au A Cx Fox Tio Mer
blaVIM-27_1	HQ858608	Au A Cx Fox Tio Mer
blaVIM-28_1	JF900599	Au A Cx Fox Tio Mer
blaVIM-29_1	JX311308	Au A Cx Fox Tio Mer
blaVIM-30_1	JN129451	Au A Cx Fox Tio Mer
blaVIM-31_1	JN982330	Au A Cx Fox Tio Mer
blaVIM-32_1	JN676230	Au A Cx Fox Tio Mer
blaVIM-33_1	JX258134	Au A Cx Fox Tio Mer
blaVIM-34_1	JX013656	Au A Cx Fox Tio Mer
blaVIM-35_1	JX982634	Au A Cx Fox Tio Mer
blaVIM-36_1	JX982635	Au A Cx Fox Tio Mer
blaVIM-37_1	JX982636	Au A Cx Fox Tio Mer
blaVIM-38_1	KC469971	Au A Cx Fox Tio Mer
blaNDM-1_1	FN396876	Au A Cx Fox Tio Mer
blaNDM-2_1	JF703135	Au A Cx Fox Tio Mer
blaNDM-3_1	JQ734687	Au A Cx Fox Tio Mer
blaNDM-4_1	JQ348841	Au A Cx Fox Tio Mer
blaNDM-5_1	JN104597	Au A Cx Fox Tio Mer
blaNDM-6_1	JN967644	Au A Cx Fox Tio Mer
blaNDM-7_1	JX262694	Au A Cx Fox Tio Mer
blaNDM-8_1	AB744718	Au A Cx Fox Tio Mer
blaNDM-9_1	KC999080	Au A Cx Fox Tio Mer
blaNDM-10_1	KF361506	Au A Cx Fox Tio Mer
blaNDM-12_1	AB926431	Au A Cx Fox Tio Mer
blaNDM-13_1	LC012596	Au A Cx Fox Tio Mer
blaGES-1_1	HQ170511	Au A Cx Fox Tio Mer
blaGES-2_1	AF326355	Au A Cx Fox Tio Mer
blaGES-3_1	AB113580	Au A Cx Fox Tio Mer
blaGES-4_1	AB116723	Au A Cx Fox Tio Mer
blaGES-5_1	DQ236171	Au A Cx Fox Tio Mer
blaGES-6_1	AY494718	Au A Cx Fox Tio Mer
blaGES-7_1	HM453325	Au A Cx Fox Tio Mer
blaGES-8_1	AF329699	Au A Cx Fox Tio Mer
blaGES-9_1	AY920928	Au A Cx Fox Tio Mer
blaGES-10_1	FJ820124	Au A Cx Fox Tio Mer
blaGES-11_1	FJ854362	Au A Cx Fox Tio Mer
blaGES-12_1	FN554543	Au A Cx Fox Tio Mer
blaGES-13_1	GU169702	Au A Cx Fox Tio Mer
blaGES-14_1	GU207844	Au A Cx Fox Tio Mer
blaGES-15_1	GU208678	Au A Cx Fox Tio Mer
blaGES-16_1	HM173356	Au A Cx Fox Tio Mer
blaGES-17_1	HQ874631	Au A Cx Fox Tio Mer
blaGES-18_1	JQ028729	Au A Cx Fox Tio Mer
blaGES-19_1	JN596280	Au A Cx Fox Tio Mer
blaGES-20_1	JN596280	Au A Cx Fox Tio Mer
blaGES-21_1	JQ772478	Au A Cx Fox Tio Mer
blaGES-22_1	JX023441	Au A Cx Fox Tio Mer
blaGES-23_1	KF179354	Au A Cx Fox Tio Mer
blaMer-1_1	U50278	A Cx Tio Mer
blaMer-2_1	DQ173429	Au A Cx Fox Tio Mer
blaMer-3_1	GU015024	Au A Cx Fox Tio Mer
blaSFC-1_1	AY354402	A Mer
blaSME-1_1	Z28968	Au A Cx Fox Tio Mer
blaSME-2_1	AF275256	Au A Cx Fox Tio Mer
blaSME-3_1	AY584237	Au A Cx Fox Tio Mer
blaIMP-31_1	KF148593	Au A Cx Fox Tio Mer
blaFRI-1_1	KT192551	A Mer
mcr-1_1	KP347127	Col
fosA_1_NZ	ACWU01000146	Fos 
fosA_2	AGDM01000012	Fos 
fosA_3_NZ	ACWO01000079	Fos 
fosA_4_NZ	AFHW01000027	Fos 
fosA_5_NZ	AEXB01000013	Fos 
fosA_6_NZ	DS999363	Fos 
fosA_7_NZ	AFBO01000747	Fos 
fosA_8	ACHE01000077	Fos 
fosA_9_NZ	ACZD01000244	Fos 
fosA_10	EU195449	Fos 
fosA_11	DQ396803	Fos 
fosA_12	AY692231	Fos 
fosA_13	EU487198	Fos 
fosA_14	AB522970	Fos 
fosA_15	CP002889	Fos 
fosA_16	M85195	Fos 
fosB_1	X54227	Fos 
fosB_2	X89875	Fos 
fosB_3	HQ219726	Fos 
fosC_1	AB522969	Fos 
fosC_2	Z33413	Fos 
fusB_1	AM292600	Fus
fusB_3	JF777505	Fus
far1_1	DQ269019	Fus
erm(A)_1	X03216	Ery
erm(A)_2	AF002716	Ery
erm(A)_3	EU348758	Ery
erm(B)_1	JN899585	Ery Azm
erm(B)_2	K00551	Ery Azm
erm(B)_6	AF242872	Ery Azm
erm(B)_7	AF368302	Ery Azm
erm(B)_9	AF299292	Ery Azm
erm(B)_10	U86375	Ery Azm
erm(B)_11	M19270	Ery Azm
erm(B)_12	U18931	Ery Azm
erm(B)_15	U48430	Ery Azm
erm(B)_18	X66468	Ery Azm
erm(B)_20	AF109075	Ery Azm
erm(B)_21	U35228	Ery Azm
erm(C)_1	V01278	Ery
erm(C)_2	M19652	Ery
erm(C)_3	M17990	Ery
erm(C)_6	X82668	Ery
erm(C)_9	Y09001	Ery
erm(C)_10	Y09002	Ery
erm(C)_12	Y09003	Ery
erm(C)_13	M13761	Ery
erm(C)_14	M12730	Ery
erm(C)_15	U82607	Ery
erm(C)_16	AF019140	Ery
erm(D)_1	M29832	Ery
erm(D)_2	L08389	Ery
erm(D)_3	M77505	Ery
erm(E)_1	X51891	Ery
erm(E)_2	M11200	Ery
erm(F)_2	M17124	Ery
erm(F)_3	M17808	Ery
erm(F)_4	M62487	Ery
erm(G)_1	M15332	Ery
erm(G)_2	L42817	Ery
erm(H)_1	M16503	Ery
erm(N)_1	X97721	Ery
erm(O)_1	M74717	Ery
erm(O)_2	AJ223970	Ery
erm(Q)_1	L22689	Ery
erm(R)_2	AY623658	Ery
erm(S)_1	M19269	Ery
erm(T)_1	M64090	Ery
erm(T)_2	AY894138	Ery
erm(T)_3	AF310974	Ery
erm(T)_4	AJ488494	Ery
erm(V)_1	U59450	Ery
erm(X)_1	M36726	Ery
erm(X)_2	X51472	Ery
erm(X)_3	U21300	Ery
erm(X)_4_NC	005206	Ery
erm(Y)_1	AB014481	Ery
erm(Z)_1	AM709783	Ery
erm(30)_1	AF079138	Ery
erm(31)_1	AF079138	Ery
erm(32)_1	AJ009971	Ery
erm(33)_2	AJ579365	Ery
erm(34)_1	AY234334	Ery
erm(35)_1	AF319779	Ery
erm(36)_1	AF462611	Ery
erm(38)_1	AY154657	Ery
erm(39)_1	AY487229	Ery
erm(40)_1	AY570506	Ery
erm(41)_1	EU177504	Ery
erm(42)_1	FR734406	Ery
erm(42)_2	AB601890	Ery
mef(A)_3	AF227521	Ery
mef(A)_10	AF376746	Ery
mef(B)_1	FJ196385	Ery
msr(A)_1	X52085	Ery
msr(A)_2	AB013298	Ery
msr(A)_3	M81802	Ery
msr(C)_1	AY004350	Ery
msr(C)_2	AF313494	Ery
msr(D)_2	AF274302	Ery
msr(D)_3	AF227520	Ery
msr(E)_4	EU294228	Ery
car(A)_1	M80346	Car
lmr(A)_1	X59926	Lin
ole(B)_1	L36601	Ole
ole(C)_1	L06249	Ole
srm(B)_1	X63451	Spi
tlr(C)_1	M57437	Tyl
lsa(B)_1	AJ579365	Lin Cli
lsa(C)_1	HM990671	Lin Cli
vga(A)_1	M90056	Vir
vga(A)_2	FN546261	Vir
vga(A)LC_1	GQ891882	Vir
vga(B)_1	U82085	Vir
ere(A)_1	AY138453	Ery
ere(A)_2	AF099140	Ery
ere(A)_3	AF326209	Ery
ere(A)_4	AF512546	Ery
ere(B)_1	A15097	Ery
ere(B)_2	X03988	Ery
vgb(A)_1	M20129	Vir
vgb(B)_1	AF015628	Vir
lnu(A)_1	M14039	Lin
lnu(B)_1	AJ238249	Lin
lnu(C)_1	AY928180	Lin
lnu(D)_1	EF452177	Lin
lnu(F)_1	EU118119	Lin
lnu(F)_2	DQ836009	Lin
lnu(F)_3	AJ561197	Lin
vat(A)_1	L07778	Vir
vat(B)_1	U19459	Vir
vat(C)_1	AF015628	Vir
vat(D)_1	L12033	Vir
vat(E)_3	AF153312	Vir
vat(E)_5	AJ488494	Vir
vat(E)_6	AF242872	Vir
vat(E)_7	AY043211	Vir
vat(E)_8	AY043209	Vir
vat(E)_9	AY043210	Vir
vat(E)_10	AY043212	Vir
vat(E)_11	AY043213	Vir
vat(F)_1	AF170730	Vir
mph(A)_1	D16251	Azm
mph(A)_2	U36578	Azm
mph(B)_1	D85892	Ery
mph(C)_1	AB013298	Ery
mph(C)_2	AF167161	Ery
mph(D)_1	AB048591	Ery
mph(E)_3	EU294228	Azm
mph(E)_5	DQ839391	Azm
vga(C)_1	GQ205627	Vir
vga(C)_2_NC	013034	Vir
vga(E)_1	FR772051	Vir
lsa(A)_1	AY225127	Lin
lsa(A)_2	AY58982	Lin
lsa(A)_3	AY737526	Lin
erm(W)_1	D14532	Ery
cfr_1	AM408573	Cli
cfr_2	AJ879565	Cli
lmr(B)_1	X62867	Lin
nimA_1	X71444	Imd
nimB_1	X71443	Imd
nimC_1	X76948	Imd
nimD_1	X76949	Imd
nimE_1	AJ244018	Imd
nimE_1	AM042593	Imd
nimF_1	AJ515145	Imd
nimH_1	FJ969397	Imd
nMer_1	FJ940883	Imd
nMer_1	FJ940884	Imd
nMer_1	FJ940886	Imd
nMer_1	FJ940887	Imd
nMer_1	FJ940889	Imd
nimJ_1_NZ	JH815495	Imd
cfr_1	AM408573	Lzd
cfr_2	AJ879565	Lzd
optrA_1	KP399637	Lzd
catB_1	M93113	C
catB1_1	M58472	C
catB2_1	AF047479	C
catB3_1	AJ009818	C
catB7_1	AF036933	C
catB8_1	AF227506	C
catB9_1	AF462019	C
catB10_1	AJ878850	C
catA3_1	X07848	C
cat_1	M11587	C
cat_5	U35036	C
cat86_1	K00544	C
cat_2	M35190	C
cat_3	S48276	C
cat(pC221)_1	X02529	C
cat(pC233)_1	AY355285	C
cat(pC194)_1_NC	002013	C
catS_1	X74948	C
catP_1	U15027	C
cmlA1_1	M64556	C
cmlA1_2	AB212941	C
cml_1	M22614	C
cmlV_1	U09991	C
floR_1	AF071555	C
floR_2	AF118107	C
fexA_1	AJ549214	C
pexA_1	HM537013	C
catA1_1	V00622	C
catA2_1	X53796	C
cat_4	AY238971	C
catQ_1	M55620	C
cmrA_1	Z12001	C
cmx_1	U85507	C
cfr_1	AM408573	C
cfr_2	AJ879565	C
optrA_1	KP399637	C
oqxA_1	EU370913	C
oqxB_1	EU370913	C
QnrA1_1	AY070235	CipI
QnrA2_1	HQ449669	CipI
QnrA3_1	DQ058661	CipI
QnrA4_1	DQ058662	CipI
QnrA5_1	DQ058663	CipI
QnrA6_1	DQ151889	CipI
QnrA7_1	GQ463707	CipI
QnrAS_1	FM178379	CipI
QnrB1_1	EF682133	CipI
QnrB2_1	HM125698	CipI
QnrB3_1	DQ303920	CipI
QnrB4_1	DQ303921	CipI
QnrB22_1	FJ981621	CipI
QnrB5_1	DQ303919	CipI
QnrB6_1	EF520349	CipI
QnrB6_3	EF523819	CipI
QnrB7_1	EU043311	CipI
QnrB8_1	EU043312	CipI
QnrB21_1	FJ611948	CipI
QnrB9_1	EF653270	CipI
QnrB10_1	DQ631414	CipI
QnrB10_8	HM439644	CipI
QnrB11_1	EU136183	CipI
QnrB13_1	EU273755	CipI
QnrB12_2	AM774474	CipI
QnrB13_1	JN173050	CipI
QnrB13_2	EU273756	CipI
QnrB14_1	EU273757	CipI
QnrB15_1	EU302865	CipI
QnrB17_1	JN173051	CipI
QnrB18_1	AM919399	CipI
QnrB17_2	AM919398	CipI
QnrB27_1	HM439641	CipI
QnrB19_1	HM146784	CipI
QnrB20_1	AB379831	CipI
QnrB23_1	FJ981622	CipI
QnrB24_1	HM192542	CipI
QnrB25_1	HQ172108	CipI
QnrB27_2	HM439642	CipI
QnrB28_1	HM439643	CipI
QnrB29_1	HM439649	CipI
QnrB29_2	JN173053	CipI
QnrB30_1	HM439650	CipI
QnrB31_1	HQ418999	CipI
QnrB32_2	JN173054	CipI
QnrB33_1	JN173055	CipI
QnrB34_1	JN173056	CipI
QnrB35_1	JN173057	CipI
QnrB36_1	JN173058	CipI
QnrB37_1	JN173059	CipI
QnrB38_1	JN173060	CipI
QnrB40_1	JN166689	CipI
QnrB41_1	JN166690	CipI
QnrC_1	EU917444	CipI
QnrD_1	FJ228229	CipI
QnrS1_1	AB187515	CipI
QnrS2_1	JF261185	CipI
QnrS3_1	EU077611	CipI
QnrS4_1	FJ418153	CipI
QnrS5_1	HQ631377	CipI
qepA_1	AB263754	CipI
qepA2_1	EU847537	CipI
aac(6')Ib-cr_1	DQ303918	CipI
aac(6')Ib-cr_2	EF636461	CipI
aac(6')Ib-cr_3	EF210035	CipI
norA_1	M97169	CipI
oqxA_1	EU370913	CipI
oqxB_1	EU370913	CipI
QnrB42_1	JN680743	CipI
QnrB43_1	AFA52643	CipI
QnrB44_1	JQ349153	CipI
QnrB45_1	JQ349152	CipI
QnrB46_1	JQ349154	CipI
QnrB47_1	JQ349155	CipI
QnrB48_1	JQ762640	CipI
QnrB49_1	JQ582718	CipI
QnrB50_1	JX440357	CipI
QnrB51_1	JX440358	CipI
QnrB52_1	EF488762	CipI
QnrB53_1	HQ704413	CipI
QnrB54_1	HE820727	CipI
QnrB56_1	JX259317	CipI
QnrB57_1	JX259318	CipI
QnrB58_1	JX259319	CipI
QnrB59_1	JX259320	CipI
QnrB60_1	AB734055	CipI
QnrB61_1	AB734053	CipI
QnrB62_1	JX987101	CipI
QnrB64_1	KC580653	CipI
QnrB65_1	KC580654	CipI
QnrB66_1	KC580655	CipI
QnrB67_1	KC580656	CipI
QnrB68_1	KC580657	CipI
QnrB69_1	KC580658	CipI
QnrB70_1	KC580659	CipI
QnrB71_1	KC580660	CipI
QnrB72_1	KC741443	CipI
QnrS6_1	HQ631376	CipI
QnrVC1_1	EU436855.2	CipI
QnrVC3_1	HM015626	CipI
QnrVC4_1	GQ891757	CipI
QnrVC5_1	JN408080	CipI
QnrVC7_1	KM555152	CipI
ARR-2_1	HQ141279	Rif
ARR-3_1	JF806499	Rif
ARR-3_4	FM207631	Rif
ARR-4_1	EF660562	Rif
ARR-5_1	EF660563	Rif
ARR-6_1	FM955585	Rif
ARR-6_2	FM897214	Rif
ARR-6_3	JF922883	Rif
ARR-7_1	FN397623	Rif
sul1_1	AY224185	Su
sul1_2	CP002151	Su
sul1_3	EU855787	Su
sul1_5	EU780013	Su
sul1_7	FJ715937	Su
sul1_8	JN581942	Su
sul1_9	AY963803	Su
sul1_10	DQ143913	Su
sul1_11	DQ914960	Su
sul1_14	AJ517791	Su
sul1_15	EF667294	Su
sul1_16	EF667294	Su
sul1_17	AM746675	Su
sul1_18	AY260546	Su
sul1_19	DQ125241	Su
sul1_20	JF262165	Su
sul1_21	AJ971344	Su
sul1_22	AY115475	Su
sul1_23	AJ621187	Su
sul1_24	EU117158	Su
sul1_25	AY878717	Su
sul1_26	AY524415	Su
sul1_27	GU562437	Su
sul1_28	JN790946	Su
sul1_29	AJ746361	Su
sul1_30	JF262178	Su
sul1_31	AM040449	Su
sul1_32	EF592571	Su
sul1_33	AJ564903	Su
sul2_1	AF542061	Su
sul2_2	GQ421466	Su
sul2_3	HQ840942	Su
sul2_5	AY524415	Su
sul2_6	FN995456	Su
sul2_7	HM486907	Su
sul2_8	AJ877041	Su
sul2_9	FJ197818	Su
sul2_10	AM183225	Su
sul2_11	AY232670	Su
sul2_12	AF497970	Su
sul2_13	AJ289135	Su
sul2_14	AJ514834	Su
sul2_15	FJ968160	Su
sul2_17	U57647	Su
sul2_18	AJ830714	Su
sul2_19	AJ319822	Su
sul2_20	AJ830710	Su
sul3_2	AJ459418	Su
sul3_3	AY047357	Su
sul3_6	AB281183	Su
ort(B)_1	AF079900	T
ort(B)_2	AF061335	T
tet(39)_2	EU495991	T
tet(39)_2	EU495989	T
tet(39)_3	DQ195075	T
tet(33)_1	DQ077487	T
tet(33)_2	AY255627	T
tet(33)_3	DQ390458	T
tet(32)_1	EU722333	T
tet(32)_2	EF626943	T
tet(31)_1	GQ283908	T
tet(31)_2	AJ250203	T
tet(44)_1_NZ	ABDU01000081	T
tet(44)_2	FN594949	T
tet(40)_1	FJ158002	T
tet(40)_2	FJ158002	T
tet(40)_3	AM419751	T
tet(U)_1	U01917	T
tet(37)_1	AF540889	T
tet(34)_1	AB061440	T
otr(A)_1	X53401	T
tet(36)_1	AJ514254	T
tet(T)_1	L42544	T
tet(T)_2	AY660530	T
tet(41)_1	AY264780	T
tet(42)_1	EU523697	T
tet(43)_1	GQ244501	T
otr(C)_1	AY509111	T
tcr_1	D38215	T
tet(30)_1	AF090987	T
tet(35)_1	AF353562	T
tet(A)_2	X00006	T
tet(A)_3	AY196695	T
tet(A)_4	AJ517790	T
tet(A)_5	AJ419171	T
tet(A)_6	AJ313332	T
tet(G)_1	AJ276217	T
tet(G)_2	AF133139	T
tet(G)_3	S52437	T
tet(G)_4	AF133140	T
tet(G)_5	AF071555	T
tet(E)_1	Y19116	T
tet(E)_2	EF471995	T
tet(E)_3	L06940	T
tet(E)_5	CP000645	T
tet(D)_1	AF467077	T
tet(D)_3	D16172	T
tet(D)_5	X65876	T
tet(C)_2_NC	003123	T
tet(C)_5_NC	003213	T
tet(C)_6	Y19114	T
tet(C)_9	AY046276	T
tet(C)_10	AY043299	T
tet(B)_3	AP000342	T
tet(B)_4	AF326777	T
tet(B)_5	AJ277653	T
tet(H)_1	Y16103	T
tet(H)_2	AJ245947	T
tet(H)_3	Y15510	T
tet(H)_4	U00792	T
tet(O)_1	M18896	T
tet(O)_2	M20925	T
tet(O)_3	Y07780	T
tet(M)_1	X92947	T
tet(M)_2	X90939	T
tet(M)_3	U08812	T
tet(M)_4	X75073	T
tet(M)_5	U58985	T
tet(M)_6	M21136	T
tet(M)_7	FN433596	T
tet(M)_8	X04388	T
tet(M)_9	X56353	T
tet(M)_10	EU182585	T
tet(M)_11	JN846696	T
tet(M)_12	FR671418	T
tet(M)_13	AM990992	T
tet(L)_1	HM235948	T
tet(L)_2	M29725	T
tet(L)_4	M11036	T
tet(L)_5	D00006	T
tet(L)_6	X08034	T
tet(L)_7	D12567	T
tet(L)_8	X60828	T
tet(L)_9	AY081910	T
tet(K)_4	U38428	T
tet(K)_5	J01764	T
tet(J)_1	ACLE01000065	T
tet(J)_2	AF038993	T
tet(S)_1	DQ377340	T
tet(S)_2	L09756	T
tet(S)_3	X92946	T
tet(Q)_1	L33696	T
tet(Q)_2	X58717	T
tet(Q)_3	U73497	T
tet(Q)_4	Z21523	T
tetA(P)_1	AB054980	T
tetA(P)_2	HQ399624	T
tetA(P)_3	L20800	T
tetA(P)_4	AB001076	T
tet(Z)_2	AF121000	T
tet(Z)_3	AY222818	T
tet(Y)_1	EF495198	T
tet(Y)_5	AB089606	T
tet(X)_1	GU014535	T
tet(X)_2	M37699	T
tet(X)_3	AB097942	T
tet(W)_1	DQ060146	T
tet(W)_2	AY049983	T
tet(W)_4	AJ427422	T
tet(W)_5	AJ427421	T
tet(W)_6	FN396364	T
tet(V)_1	AF030344	T
tetB(P)_3_NC	010937	T
dfrA27_1	FJ459817	Tmp
dfrA31_1	AB200915	Tmp
dfrA12_1	AB571791	Tmp
dfrA30_1	AM997279	Tmp
dfrK_1	FN377602	Tmp
dfrA23_1	AJ746361	Tmp
dfrA15_1	HM449019	Tmp
dfrA22_1	HM173356	Tmp
dfrA17_1	FJ460238	Tmp
dfrB2_1	DQ839391	Tmp
dfrA14_1	DQ388123	Tmp
dfrA16_1	DQ316603	Tmp
dfrA25_1	DQ267940	Tmp
dfrA10_1	L06418	Tmp
dfrK_4	FN677369	Tmp
dfrB1_2	U36276	Tmp
dfrK_8	FN812951	Tmp
dfrA3b_1	AY878717	Tmp
dfrA16_1	FN561628	Tmp
dfrB4_1	FM877484	Tmp
dfrB3_1	FM877478	Tmp
dfrA28_2	FM877476	Tmp
dfrA1_25	AJ844287	Tmp
dfrA1_30	JQ690541	Tmp
dfrA21_1	AM932669	Tmp
dfrA26_1	AM403715	Tmp
dfrA15b_1	AJ867237	Tmp
dfrA13_1	Z50802	Tmp
dfrA1_2	AJ419168	Tmp
dfrG_1	AB205645	Tmp
dfrA6_1	Z86002	Tmp
dfrA7_1	AJ419170	Tmp
dfrA1_5	AJ238350	Tmp
dfrA20_1	AJ605332	Tmp
dfrA1_1	X00926	Tmp
dfrA3_1	J03306	Tmp
dfrA5_1	X12868	Tmp
dfrA7_1	JF806498	Tmp
dfrA8_1	U10186	Tmp
dfrA9_1	X57730	Tmp
dfrA14_1	Z50805	Tmp
dfrA16_1	AF077008	Tmp
dfrA18_1	AJ310778	Tmp
dfrA24_1	AJ972619	Tmp
dfrA29_1	AM237806	Tmp
dfrA32_1	GU067642	Tmp
dfrA33_1	FM957884	Tmp
dfrB3_1	X72585	Tmp
dfrB5_1	AY943084	Tmp
dfrB6_1	DQ274503	Tmp
dfrB7_1	DQ993182	Tmp
dfrB8_1	GU295656	Tmp
dfrD_1	Z50141	Tmp
VanR-A_1	FJ866609	Van
VanH-A_1	FJ866609	Van
VanA-A_1	FJ866609	Van
VanX-A_1	FJ866609	Van
VanY-A_1	FJ866609	Van
VanZ-A_1	FJ866609	Van
VanR-A_2	M97297	Van
VanS-A_2	M97297	Van
VanA-A_2	M97297	Van
VanY-A_2	M97297	Van
VanR-B_1	AF192329	Van
VanS-B_1	AF192329	Van
VanY-B_1	AF192329	Van
VanW-B_1	AF192329	Van
VanH-B_1	AF192329	Van
VanA-B_1	AF192329	Van
VanX-B_1	AF192329	Van
VanA-C_1	AF162694	Van
VanXY-C_1	AF162694	Van
VanT-C_1	AF162694	Van
VanR-C_1	AF162694	Van
VanS-C_1	AF162694	Van
VanA-C_2	DQ022190	Van
VanT-C_1	DQ022190	Van
VanS-C_2	DQ022190	Van
VanA-C_3	EU151752	Van
VanXY-C_3	EU151752	Van
VanT-C_2	EU151752	Van
VanR-C_3	EU151752	Van
VanS-C_3	EU151752	Van
VanA-C_4	EU151753	Van
VanXY-C_4	EU151753	Van
VanT-C_3	EU151753	Van
VanR-C_4	EU151753	Van
VanS-C_4	EU151753	Van
VanA-C_5	EU151754	Van
VanXY-C_5	EU151754	Van
VanR-D_1	AB242319	Van
VanS-D_1	AB242319	Van
VanY-D_1	AB242319	Van
VanH-D_1	AB242319	Van
VanA-D_1	AB242319	Van
VanX-D_1	AB242319	Van
VanR-D_2	AF175293	Van
VanS-D_2	AF175293	Van
VanY-D_2	AF175293	Van
VanH-D_2	AF175293	Van
VanA-D_2	AF175293	Van
VanX-D_2	AF175293	Van
VanY-D_3	AY082011	Van
VanH-D_3	AY082011	Van
VanA-D_3	AY082011	Van
VanR-D_4	AY489045	Van
VanS-D_3	AY489045	Van
VanY-D_4	AY489045	Van
VanH-D_4	AY489045	Van
VanA-D_4	AY489045	Van
VanX-D_4	AY489045	Van
VanR-F_1	AF155139	Van
VanS-F_1	AF155139	Van
VanY-F_1	AF155139	Van
VanZ-F_1	AF155139	Van
VanH-E_1	AF155139	Van
VanA-E_1	AF155139	Van
VanX-E_1	AF155139	Van
VanU-G_1	AY271782	Van
VanR-G_1	AY271782	Van
VanS-G_1	AY271782	Van
VanY-G_1	DQ212986	Van
VanW-G_1	AY271782	Van
VanA-G_1	AY271782	Van
VanXY-G_1	AY271782	Van
VanT-G_1	AY271782	Van
VanA-L_1	EU250284	Van
VanXY-L_1	EU250284	Van
VanTm-L_1	EU250284	Van
VanTr-L_1	EU250284	Van
VanR-L_1	EU250284	Van
VanS-L_1	EU250284	Van
VanR-M_1	FJ349556	Van
VanS-M_1	FJ349556	Van
VanY-M_1	FJ349556	Van
VanH-M_1	FJ349556	Van
VanA-M_1	FJ349556	Van
VanX-M_1	FJ349556	Van
VanH-Sc_1	AL939117	Van
ddlA2-Sc_2	AL939117	Van
VanX-Sc_1	AL939117	Van
VanR-Pt_3	DQ018710	Van
VanS-Pt_3	DQ018710	Van
VanH-Pt_3	DQ018710	Van
VanA-Pt_3	DQ018710	Van
VanX-Pt_3	DQ018710	Van
VanY-Pt_3	DQ018710	Van
VanZ-Pt_3	DQ018710	Van
VanR-Pt2_4	AY926880	Van
VanS-Pt2_4	AY926880	Van
VanH-Pt2_4	AY926880	Van
VanA-Pt2_4	AY926880	Van
VanX-Pt2_4	AY926880	Van
VanY-Pt2_4	AY926880	Van
VanR-Pt_5	DQ018711	Van
VanS-Pt_5	DQ018711	Van
VanW-Pt_2	DQ018711	Van
VanH-Pt_5	DQ018711	Van
VanA-Pt_5	DQ018711	Van
VanX-Pt_5	DQ018711	Van
VanY-Pt_5	DQ018711	Van
VanZ-Pt_4	DQ018711	Van
VanH-Ac1_6	DQ246438	Van
VanX-Ac1_6	DQ246438	Van
VanH-Ac2_7	AY618461	Van
VanX-Ac2_7	AY618461	Van
VanH-Ao1_8	AF060799	Van
VanX-Ao1_8	AF060799	Van
VanH-Ao2_9	HQ679900	Van
VanA-Ao2_6	HQ679900	Van
VanX-Ao2_9	HQ679900	Van
VanH-A(Bc)_7	Y15704	Van
VanA-N_1	JF802084	Van
VanXY-N_1	JF802084	Van
VanT-N_1	JF802084	Van
VanR-N_1	JF802084	Van
VanS-N_1	JF802084	Van
gyrA(83)	Nal CipI
gyrA(87)	Nal CipI
parC(80)	Nal CipI
gyrB(464)	Nal CipI
mcr-3_1	KY924928	Colistin
mcr-1.9_1	KY685071	Colistin
mcr_1.8_1	KY683842	Colistin
mcr-1.7_1	KY488488	Colistin
mcr-1.6_1	KY352406	Colistin
mcr-1.4_1	KY041856	Colistin
mcr-1.5_1	KY283125	Colistin
mcr-1.3_1	KU934208	Colistin
mcr-1_1	KP347127	Colistin
mcr-1.2_1	KX236309	Colistin
mcr-2_1	LT598652	Colistin
mcr-4_1	MF543359	Colistin
mcr-5_1	KY807921	Colistin
